REGION_NO,ADM2_EN,ADM3_EN,ADM3_CODE,TOTAL_EMPLOYED,AGRI_EMPLOYED,PERCENT_AGRI
14,ABRA,Bangued,PH140101000,1725.0,286.0,16.58
14,ABRA,Boliney,PH140102000,161.0,111.0,68.94
14,ABRA,Bucay,PH140103000,492.0,181.0,36.79
14,ABRA,Bucloc,PH140104000,104.0,52.0,50.0
14,ABRA,Daguioman,PH140105000,52.0,28.0,53.85
14,ABRA,Danglas,PH140106000,53.0,11.0,20.75
14,ABRA,Dolores,PH140107000,233.0,87.0,37.34
14,ABRA,La Paz,PH140108000,442.0,163.0,36.88
14,ABRA,Lacub,PH140109000,154.0,114.0,74.03
14,ABRA,Lagangilang,PH140110000,283.0,92.0,32.51
14,ABRA,Lagayan,PH140111000,152.0,81.0,53.29
14,ABRA,Langiden,PH140112000,82.0,48.0,58.54
14,ABRA,Licuan-Baay,PH140113000,113.0,68.0,60.18
14,ABRA,Luba,PH140114000,248.0,163.0,65.73
14,ABRA,Malibcong,PH140115000,76.0,50.0,65.79
14,ABRA,Manabo,PH140116000,255.0,94.0,36.86
14,ABRA,Peñarrubia,PH140117000,161.0,103.0,63.98
14,ABRA,Pidigan,PH140118000,370.0,159.0,42.97
14,ABRA,Pilar,PH140119000,346.0,220.0,63.58
14,ABRA,Sallapadan,PH140120000,97.0,52.0,53.61
14,ABRA,San Isidro,PH140121000,80.0,60.0,75.0
14,ABRA,San Juan,PH140122000,261.0,142.0,54.41
14,ABRA,San Quintin,PH140123000,216.0,116.0,53.7
14,ABRA,Tayum,PH140124000,398.0,170.0,42.71
14,ABRA,Tineg,PH140125000,31.0,16.0,51.61
14,ABRA,Tubo,PH140126000,157.0,115.0,73.25
14,ABRA,Villaviciosa,PH140127000,122.0,61.0,50.0
16,AGUSAN DEL NORTE,Buenavista,PH160201000,955.0,316.0,33.09
16,AGUSAN DEL NORTE,City of Butuan,PH160202000,6657.0,851.0,12.78
16,AGUSAN DEL NORTE,City of Cabadbaran,PH160203000,1442.0,251.0,17.41
16,AGUSAN DEL NORTE,Carmen,PH160204000,359.0,126.0,35.1
16,AGUSAN DEL NORTE,Jabonga,PH160205000,422.0,176.0,41.71
16,AGUSAN DEL NORTE,Kitcharao,PH160206000,278.0,58.0,20.86
16,AGUSAN DEL NORTE,Las Nieves,PH160207000,444.0,234.0,52.7
16,AGUSAN DEL NORTE,Magallanes,PH160208000,303.0,48.0,15.84
16,AGUSAN DEL NORTE,Nasipit,PH160209000,729.0,109.0,14.95
16,AGUSAN DEL NORTE,Santiago,PH160210000,272.0,59.0,21.69
16,AGUSAN DEL NORTE,Tubay,PH160211000,260.0,56.0,21.54
16,AGUSAN DEL NORTE,Remedios T. Romualdez,PH160212000,212.0,103.0,48.58
16,AGUSAN DEL SUR,City of Bayugan,PH160301000,1074.0,409.0,38.08
16,AGUSAN DEL SUR,Bunawan,PH160302000,501.0,222.0,44.31
16,AGUSAN DEL SUR,Esperanza,PH160303000,581.0,354.0,60.93
16,AGUSAN DEL SUR,La Paz,PH160304000,354.0,199.0,56.21
16,AGUSAN DEL SUR,Loreto,PH160305000,529.0,394.0,74.48
16,AGUSAN DEL SUR,Prosperidad,PH160306000,970.0,459.0,47.32
16,AGUSAN DEL SUR,Rosario,PH160307000,360.0,139.0,38.61
16,AGUSAN DEL SUR,San Francisco,PH160308000,914.0,195.0,21.33
16,AGUSAN DEL SUR,San Luis,PH160309000,430.0,260.0,60.47
16,AGUSAN DEL SUR,Santa Josefa,PH160310000,349.0,190.0,54.44
16,AGUSAN DEL SUR,Talacogon,PH160311000,333.0,153.0,45.95
16,AGUSAN DEL SUR,Trento,PH160312000,700.0,258.0,36.86
16,AGUSAN DEL SUR,Veruela,PH160313000,462.0,344.0,74.46
16,AGUSAN DEL SUR,Sibagat,PH160314000,435.0,262.0,60.23
6,AKLAN,Altavas,PH060401000,327.0,103.0,31.5
6,AKLAN,Balete,PH060402000,136.0,51.0,37.5
6,AKLAN,Banga,PH060403000,325.0,92.0,28.31
6,AKLAN,Batan,PH060404000,225.0,93.0,41.33
6,AKLAN,Buruanga,PH060405000,136.0,49.0,36.03
6,AKLAN,Ibajay,PH060406000,368.0,98.0,26.63
6,AKLAN,Kalibo,PH060407000,1183.0,67.0,5.66
6,AKLAN,Lezo,PH060408000,61.0,21.0,34.43
6,AKLAN,Libacao,PH060409000,307.0,175.0,57.0
6,AKLAN,Madalag,PH060410000,189.0,113.0,59.79
6,AKLAN,Makato,PH060411000,214.0,66.0,30.84
6,AKLAN,Malay,PH060412000,781.0,21.0,2.69
6,AKLAN,Malinao,PH060413000,268.0,95.0,35.45
6,AKLAN,Nabas,PH060414000,432.0,126.0,29.17
6,AKLAN,New Washington,PH060415000,438.0,164.0,37.44
6,AKLAN,Numancia,PH060416000,178.0,40.0,22.47
6,AKLAN,Tangalan,PH060417000,180.0,61.0,33.89
5,ALBAY,Bacacay,PH050501000,310.0,56.0,18.06
5,ALBAY,Camalig,PH050502000,225.0,58.0,25.78
5,ALBAY,Daraga,PH050503000,652.0,72.0,11.04
5,ALBAY,Guinobatan,PH050504000,418.0,116.0,27.75
5,ALBAY,Jovellar,PH050505000,85.0,32.0,37.65
5,ALBAY,City of Legazpi,PH050506000,1388.0,79.0,5.69
5,ALBAY,Libon,PH050507000,391.0,145.0,37.08
5,ALBAY,City of Ligao,PH050508000,379.0,106.0,27.97
5,ALBAY,Malilipot,PH050509000,57.0,8.0,14.04
5,ALBAY,Malinao,PH050510000,188.0,63.0,33.51
5,ALBAY,Manito,PH050511000,160.0,50.0,31.25
5,ALBAY,Oas,PH050512000,240.0,74.0,30.83
5,ALBAY,Pio Duran,PH050513000,109.0,51.0,46.79
5,ALBAY,Polangui,PH050514000,314.0,89.0,28.34
5,ALBAY,Rapu-Rapu,PH050515000,72.0,24.0,33.33
5,ALBAY,Santo Domingo,PH050516000,112.0,22.0,19.64
5,ALBAY,City of Tabaco,PH050517000,608.0,56.0,9.21
5,ALBAY,Tiwi,PH050518000,450.0,91.0,20.22
6,ANTIQUE,Anini-Y,PH060601000,192.0,67.0,34.9
6,ANTIQUE,Barbaza,PH060602000,189.0,88.0,46.56
6,ANTIQUE,Belison,PH060603000,132.0,68.0,51.52
6,ANTIQUE,Bugasong,PH060604000,519.0,207.0,39.88
6,ANTIQUE,Caluya,PH060605000,7.0,1.0,14.29
6,ANTIQUE,Culasi,PH060606000,569.0,207.0,36.38
6,ANTIQUE,Tobias Fornier,PH060607000,427.0,182.0,42.62
6,ANTIQUE,Hamtic,PH060608000,536.0,201.0,37.5
6,ANTIQUE,Laua-An,PH060609000,340.0,167.0,49.12
6,ANTIQUE,Libertad,PH060610000,195.0,103.0,52.82
6,ANTIQUE,Pandan,PH060611000,410.0,156.0,38.05
6,ANTIQUE,Patnongon,PH060612000,376.0,187.0,49.73
6,ANTIQUE,San Jose,PH060613000,965.0,144.0,14.92
6,ANTIQUE,San Remigio,PH060614000,330.0,171.0,51.82
6,ANTIQUE,Sebaste,PH060615000,241.0,103.0,42.74
6,ANTIQUE,Sibalom,PH060616000,662.0,297.0,44.86
6,ANTIQUE,Tibiao,PH060617000,200.0,87.0,43.5
6,ANTIQUE,Valderrama,PH060618000,230.0,120.0,52.17
15,BASILAN,City of Lamitan,PH150702000,1349.0,487.0,36.1
15,BASILAN,Lantawan,PH150703000,672.0,420.0,62.5
15,BASILAN,Maluso,PH150704000,818.0,328.0,40.1
15,BASILAN,Sumisip,PH150705000,942.0,691.0,73.35
15,BASILAN,Tipo-Tipo,PH150706000,364.0,234.0,64.29
15,BASILAN,Tuburan,PH150707000,292.0,200.0,68.49
15,BASILAN,Akbar,PH150708000,113.0,78.0,69.03
15,BASILAN,Al-Barka,PH150709000,295.0,205.0,69.49
15,BASILAN,Hadji Mohammad Ajul,PH150710000,193.0,164.0,84.97
15,BASILAN,Ungkaya Pukan,PH150711000,269.0,227.0,84.39
15,BASILAN,Hadji Muhtamad,PH150712000,224.0,153.0,68.3
15,BASILAN,Tabuan-Lasa,PH150713000,280.0,249.0,88.93
3,BATAAN,Abucay,PH030801000,151.0,19.0,12.58
3,BATAAN,Bagac,PH030802000,268.0,53.0,19.78
3,BATAAN,City of Balanga,PH030803000,902.0,38.0,4.21
3,BATAAN,Dinalupihan,PH030804000,607.0,53.0,8.73
3,BATAAN,Hermosa,PH030805000,546.0,46.0,8.42
3,BATAAN,Limay,PH030806000,509.0,55.0,10.81
3,BATAAN,Mariveles,PH030807000,1161.0,68.0,5.86
3,BATAAN,Morong,PH030808000,342.0,45.0,13.16
3,BATAAN,Orani,PH030809000,391.0,25.0,6.39
3,BATAAN,Orion,PH030810000,238.0,37.0,15.55
3,BATAAN,Pilar,PH030811000,263.0,28.0,10.65
3,BATAAN,Samal,PH030812000,182.0,23.0,12.64
2,BATANES,Basco,PH020901000,1684.0,244.0,14.49
2,BATANES,Itbayat,PH020902000,456.0,137.0,30.04
2,BATANES,Ivana,PH020903000,218.0,43.0,19.72
2,BATANES,Mahatao,PH020904000,239.0,54.0,22.59
2,BATANES,Sabtang,PH020905000,332.0,102.0,30.72
2,BATANES,Uyugan,PH020906000,218.0,44.0,20.18
4,BATANGAS,Agoncillo,PH041001000,58.0,27.0,46.55
4,BATANGAS,Alitagtag,PH041002000,22.0,3.0,13.64
4,BATANGAS,Balayan,PH041003000,246.0,35.0,14.23
4,BATANGAS,Balete,PH041004000,72.0,21.0,29.17
4,BATANGAS,Batangas City,PH041005000,909.0,56.0,6.16
4,BATANGAS,Bauan,PH041006000,242.0,7.0,2.89
4,BATANGAS,City of Calaca,PH041007000,110.0,16.0,14.55
4,BATANGAS,Calatagan,PH041008000,182.0,41.0,22.53
4,BATANGAS,Cuenca,PH041009000,61.0,5.0,8.2
4,BATANGAS,Ibaan,PH041010000,90.0,10.0,11.11
4,BATANGAS,Laurel,PH041011000,77.0,17.0,22.08
4,BATANGAS,Lemery,PH041012000,344.0,64.0,18.6
4,BATANGAS,Lian,PH041013000,187.0,48.0,25.67
4,BATANGAS,City of Lipa,PH041014000,1400.0,57.0,4.07
4,BATANGAS,Lobo,PH041015000,30.0,13.0,43.33
4,BATANGAS,Mabini,PH041016000,44.0,3.0,6.82
4,BATANGAS,Malvar,PH041017000,178.0,4.0,2.25
4,BATANGAS,Mataasnakahoy,PH041018000,36.0,4.0,11.11
4,BATANGAS,Nasugbu,PH041019000,348.0,41.0,11.78
4,BATANGAS,Padre Garcia,PH041020000,130.0,22.0,16.92
4,BATANGAS,Rosario,PH041021000,242.0,45.0,18.6
4,BATANGAS,San Jose,PH041022000,162.0,12.0,7.41
4,BATANGAS,San Juan,PH041023000,320.0,81.0,25.31
4,BATANGAS,San Luis,PH041024000,51.0,16.0,31.37
4,BATANGAS,San Nicolas,PH041025000,64.0,21.0,32.81
4,BATANGAS,San Pascual,PH041026000,90.0,5.0,5.56
4,BATANGAS,Santa Teresita,PH041027000,23.0,7.0,30.43
4,BATANGAS,City of Sto. Tomas,PH041028000,532.0,11.0,2.07
4,BATANGAS,Taal,PH041029000,136.0,19.0,13.97
5,BATANGAS,Talisay,PH041030000,21.0,4.0,19.05
4,BATANGAS,City of Tanauan,PH041031000,257.0,23.0,8.95
4,BATANGAS,Taysan,PH041032000,9.0,0.0,0.0
4,BATANGAS,Tuy,PH041034000,90.0,24.0,26.67
14,BENGUET,Atok,PH141101000,419.0,321.0,76.61
14,BENGUET,City of Baguio,PH141102000,5686.0,66.0,1.16
14,BENGUET,Bakun,PH141103000,126.0,101.0,80.16
14,BENGUET,Bokod,PH141104000,101.0,42.0,41.58
14,BENGUET,Buguias,PH141105000,952.0,771.0,80.99
14,BENGUET,Itogon,PH141106000,610.0,77.0,12.62
14,BENGUET,Kabayan,PH141107000,320.0,236.0,73.75
14,BENGUET,Kapangan,PH141108000,168.0,112.0,66.67
14,BENGUET,Kibungan,PH141109000,225.0,196.0,87.11
14,BENGUET,La Trinidad,PH141110000,1500.0,278.0,18.53
14,BENGUET,Mankayan,PH141111000,470.0,167.0,35.53
14,BENGUET,Sablan,PH141112000,130.0,73.0,56.15
14,BENGUET,Tuba,PH141113000,526.0,177.0,33.65
14,BENGUET,Tublay,PH141114000,283.0,179.0,63.25
7,BOHOL,Alburquerque,PH071201000,28.0,2.0,7.14
7,BOHOL,Alicia,PH071202000,92.0,49.0,53.26
7,BOHOL,Anda,PH071203000,24.0,6.0,25.0
7,BOHOL,Antequera,PH071204000,90.0,16.0,17.78
7,BOHOL,Baclayon,PH071205000,51.0,2.0,3.92
7,BOHOL,Balilihan,PH071206000,79.0,39.0,49.37
7,BOHOL,Batuan,PH071207000,62.0,11.0,17.74
7,BOHOL,Bilar,PH071208000,49.0,22.0,44.9
7,BOHOL,Buenavista,PH071209000,52.0,18.0,34.62
7,BOHOL,Calape,PH071210000,87.0,33.0,37.93
7,BOHOL,Candijay,PH071211000,133.0,57.0,42.86
7,BOHOL,Carmen,PH071212000,340.0,182.0,53.53
7,BOHOL,Catigbian,PH071213000,5.0,1.0,20.0
7,BOHOL,Clarin,PH071214000,84.0,28.0,33.33
7,BOHOL,Corella,PH071215000,86.0,24.0,27.91
7,BOHOL,Cortes,PH071216000,74.0,10.0,13.51
7,BOHOL,Dagohoy,PH071217000,24.0,11.0,45.83
7,BOHOL,Danao,PH071218000,100.0,36.0,36.0
7,BOHOL,Dauis,PH071219000,151.0,21.0,13.91
7,BOHOL,Dimiao,PH071220000,68.0,27.0,39.71
7,BOHOL,Duero,PH071221000,65.0,14.0,21.54
7,BOHOL,Garcia Hernandez,PH071222000,232.0,108.0,46.55
7,BOHOL,Guindulman,PH071223000,114.0,38.0,33.33
7,BOHOL,Inabanga,PH071224000,330.0,116.0,35.15
7,BOHOL,Jagna,PH071225000,120.0,55.0,45.83
7,BOHOL,Getafe,PH071226000,122.0,50.0,40.98
7,BOHOL,Lila,PH071227000,134.0,37.0,27.61
7,BOHOL,Loay,PH071228000,62.0,8.0,12.9
7,BOHOL,Loboc,PH071229000,71.0,8.0,11.27
7,BOHOL,Loon,PH071230000,150.0,20.0,13.33
7,BOHOL,Mabini,PH071231000,178.0,74.0,41.57
7,BOHOL,Maribojoc,PH071232000,75.0,9.0,12.0
7,BOHOL,Panglao,PH071233000,123.0,15.0,12.2
7,BOHOL,Pilar,PH071234000,75.0,35.0,46.67
7,BOHOL,President Carlos P. Garcia,PH071235000,115.0,36.0,31.3
7,BOHOL,Sagbayan,PH071236000,245.0,90.0,36.73
7,BOHOL,San Isidro,PH071237000,36.0,21.0,58.33
7,BOHOL,San Miguel,PH071238000,126.0,73.0,57.94
7,BOHOL,Sevilla,PH071239000,55.0,10.0,18.18
7,BOHOL,Sierra Bullones,PH071240000,133.0,62.0,46.62
7,BOHOL,Sikatuna,PH071241000,41.0,29.0,70.73
7,BOHOL,City of Tagbilaran,PH071242000,787.0,22.0,2.8
7,BOHOL,Talibon,PH071243000,234.0,95.0,40.6
7,BOHOL,Trinidad,PH071244000,145.0,53.0,36.55
7,BOHOL,Tubigon,PH071245000,220.0,55.0,25.0
7,BOHOL,Ubay,PH071246000,367.0,105.0,28.61
7,BOHOL,Valencia,PH071247000,80.0,34.0,42.5
7,BOHOL,Bien Unido,PH071248000,73.0,38.0,52.05
10,BUKIDNON,Baungon,PH101301000,146.0,85.0,58.22
10,BUKIDNON,Damulog,PH101302000,134.0,125.0,93.28
10,BUKIDNON,Dangcagan,PH101303000,96.0,57.0,59.38
10,BUKIDNON,Don Carlos,PH101304000,367.0,179.0,48.77
10,BUKIDNON,Impasug-ong,PH101305000,389.0,292.0,75.06
10,BUKIDNON,Kadingilan,PH101306000,194.0,155.0,79.9
10,BUKIDNON,Kalilangan,PH101307000,392.0,275.0,70.15
10,BUKIDNON,Kibawe,PH101308000,323.0,184.0,56.97
10,BUKIDNON,Kitaotao,PH101309000,266.0,181.0,68.05
10,BUKIDNON,Lantapan,PH101310000,388.0,252.0,64.95
10,BUKIDNON,Libona,PH101311000,228.0,140.0,61.4
10,BUKIDNON,City of Malaybalay,PH101312000,1052.0,426.0,40.49
10,BUKIDNON,Malitbog,PH101313000,62.0,37.0,59.68
10,BUKIDNON,Manolo Fortich,PH101314000,347.0,141.0,40.63
10,BUKIDNON,Maramag,PH101315000,446.0,214.0,47.98
10,BUKIDNON,Pangantucan,PH101316000,267.0,158.0,59.18
10,BUKIDNON,Quezon,PH101317000,555.0,308.0,55.5
10,BUKIDNON,San Fernando,PH101318000,183.0,118.0,64.48
10,BUKIDNON,Sumilao,PH101319000,153.0,100.0,65.36
10,BUKIDNON,Talakag,PH101320000,314.0,203.0,64.65
10,BUKIDNON,City of Valencia,PH101321000,1093.0,367.0,33.58
10,BUKIDNON,Cabanglasan,PH101322000,231.0,163.0,70.56
3,BULACAN,Angat,PH031401000,120.0,18.0,15.0
3,BULACAN,Balagtas,PH031402000,147.0,5.0,3.4
3,BULACAN,City of Baliwag,PH031403000,514.0,21.0,4.09
3,BULACAN,Bocaue,PH031404000,262.0,10.0,3.82
3,BULACAN,Bulacan,PH031405000,207.0,8.0,3.86
3,BULACAN,Bustos,PH031406000,89.0,7.0,7.87
3,BULACAN,Calumpit,PH031407000,208.0,8.0,3.85
3,BULACAN,Guiguinto,PH031408000,254.0,1.0,0.39
3,BULACAN,Hagonoy,PH031409000,66.0,13.0,19.7
3,BULACAN,City of Malolos,PH031410000,435.0,12.0,2.76
3,BULACAN,Marilao,PH031411000,441.0,0.0,0.0
3,BULACAN,City of Meycauayan,PH031412000,589.0,0.0,0.0
3,BULACAN,Norzagaray,PH031413000,203.0,6.0,2.96
3,BULACAN,Obando,PH031414000,121.0,41.0,33.88
3,BULACAN,Pandi,PH031415000,75.0,5.0,6.67
3,BULACAN,Paombong,PH031416000,58.0,2.0,3.45
3,BULACAN,Plaridel,PH031417000,113.0,1.0,0.88
3,BULACAN,Pulilan,PH031418000,339.0,33.0,9.73
3,BULACAN,San Ildefonso,PH031419000,243.0,38.0,15.64
3,BULACAN,City of San Jose Del Monte,PH031420000,689.0,26.0,3.77
3,BULACAN,San Miguel,PH031421000,191.0,26.0,13.61
3,BULACAN,San Rafael,PH031422000,212.0,37.0,17.45
3,BULACAN,Santa Maria,PH031423000,443.0,12.0,2.71
3,BULACAN,Doña Remedios Trinidad,PH031424000,4.0,0.0,0.0
2,CAGAYAN,Abulug,PH021501000,224.0,119.0,53.12
2,CAGAYAN,Alcala,PH021502000,300.0,181.0,60.33
2,CAGAYAN,Allacapan,PH021503000,209.0,125.0,59.81
2,CAGAYAN,Amulung,PH021504000,153.0,120.0,78.43
2,CAGAYAN,Aparri,PH021505000,332.0,124.0,37.35
2,CAGAYAN,Baggao,PH021506000,320.0,183.0,57.19
2,CAGAYAN,Ballesteros,PH021507000,300.0,127.0,42.33
2,CAGAYAN,Buguey,PH021508000,147.0,98.0,66.67
2,CAGAYAN,Calayan,PH021509000,2.0,1.0,50.0
2,CAGAYAN,Camalaniugan,PH021510000,100.0,57.0,57.0
2,CAGAYAN,Claveria,PH021511000,66.0,13.0,19.7
2,CAGAYAN,Enrile,PH021512000,108.0,62.0,57.41
2,CAGAYAN,Gattaran,PH021513000,312.0,177.0,56.73
2,CAGAYAN,Gonzaga,PH021514000,306.0,153.0,50.0
2,CAGAYAN,Iguig,PH021515000,82.0,24.0,29.27
2,CAGAYAN,Lal-Lo,PH021516000,320.0,213.0,66.56
2,CAGAYAN,Lasam,PH021517000,329.0,179.0,54.41
2,CAGAYAN,Pamplona,PH021518000,95.0,56.0,58.95
2,CAGAYAN,Peñablanca,PH021519000,144.0,98.0,68.06
2,CAGAYAN,Piat,PH021520000,191.0,116.0,60.73
2,CAGAYAN,Rizal,PH021521000,120.0,89.0,74.17
2,CAGAYAN,Sanchez-Mira,PH021522000,151.0,58.0,38.41
2,CAGAYAN,Santa Ana,PH021523000,195.0,58.0,29.74
14,CAGAYAN,Santa Praxedes,PH021524000,1.0,1.0,100.0
2,CAGAYAN,Santa Teresita,PH021525000,97.0,53.0,54.64
2,CAGAYAN,Santo Niño,PH021526000,103.0,73.0,70.87
2,CAGAYAN,Solana,PH021527000,509.0,237.0,46.56
2,CAGAYAN,Tuao,PH021528000,340.0,177.0,52.06
2,CAGAYAN,Tuguegarao City,PH021529000,1164.0,66.0,5.67
5,CAMARINES NORTE,Basud,PH051601000,321.0,109.0,33.96
5,CAMARINES NORTE,Capalonga,PH051602000,264.0,157.0,59.47
5,CAMARINES NORTE,Daet,PH051603000,1365.0,83.0,6.08
5,CAMARINES NORTE,San Lorenzo Ruiz,PH051604000,57.0,30.0,52.63
5,CAMARINES NORTE,Jose Panganiban,PH051605000,571.0,111.0,19.44
5,CAMARINES NORTE,Labo,PH051606000,865.0,307.0,35.49
5,CAMARINES NORTE,Mercedes,PH051607000,338.0,117.0,34.62
5,CAMARINES NORTE,Paracale,PH051608000,594.0,106.0,17.85
5,CAMARINES NORTE,San Vicente,PH051609000,117.0,45.0,38.46
5,CAMARINES NORTE,Santa Elena,PH051610000,315.0,100.0,31.75
5,CAMARINES NORTE,Talisay,PH051611000,176.0,34.0,19.32
5,CAMARINES NORTE,Vinzons,PH051612000,295.0,146.0,49.49
5,CAMARINES SUR,Baao,PH051701000,111.0,27.0,24.32
5,CAMARINES SUR,Balatan,PH051702000,23.0,7.0,30.43
5,CAMARINES SUR,Bato,PH051703000,69.0,13.0,18.84
5,CAMARINES SUR,Bombon,PH051704000,36.0,12.0,33.33
5,CAMARINES SUR,Buhi,PH051705000,212.0,70.0,33.02
5,CAMARINES SUR,Bula,PH051706000,77.0,28.0,36.36
5,CAMARINES SUR,Cabusao,PH051707000,52.0,11.0,21.15
5,CAMARINES SUR,Calabanga,PH051708000,232.0,82.0,35.34
5,CAMARINES SUR,Camaligan,PH051709000,2.0,0.0,0.0
5,CAMARINES SUR,Canaman,PH051710000,34.0,5.0,14.71
5,CAMARINES SUR,Caramoan,PH051711000,79.0,27.0,34.18
5,CAMARINES SUR,Del Gallego,PH051712000,23.0,8.0,34.78
5,CAMARINES SUR,Gainza,PH051713000,3.0,1.0,33.33
5,CAMARINES SUR,Garchitorena,PH051714000,2.0,1.0,50.0
5,CAMARINES SUR,Goa,PH051715000,266.0,91.0,34.21
5,CAMARINES SUR,City of Iriga,PH051716000,266.0,39.0,14.66
5,CAMARINES SUR,Lagonoy,PH051717000,101.0,44.0,43.56
5,CAMARINES SUR,Libmanan,PH051718000,339.0,137.0,40.41
5,CAMARINES SUR,Lupi,PH051719000,96.0,49.0,51.04
5,CAMARINES SUR,Magarao,PH051720000,40.0,12.0,30.0
5,CAMARINES SUR,Milaor,PH051721000,42.0,4.0,9.52
5,CAMARINES SUR,Minalabac,PH051722000,73.0,22.0,30.14
5,CAMARINES SUR,Nabua,PH051723000,168.0,23.0,13.69
5,CAMARINES SUR,City of Naga,PH051724000,971.0,22.0,2.27
5,CAMARINES SUR,Ocampo,PH051725000,205.0,86.0,41.95
5,CAMARINES SUR,Pamplona,PH051726000,138.0,50.0,36.23
5,CAMARINES SUR,Pasacao,PH051727000,161.0,17.0,10.56
5,CAMARINES SUR,Pili,PH051728000,399.0,51.0,12.78
5,CAMARINES SUR,Presentacion,PH051729000,69.0,31.0,44.93
5,CAMARINES SUR,Ragay,PH051730000,177.0,44.0,24.86
5,CAMARINES SUR,Sagñay,PH051731000,98.0,46.0,46.94
5,CAMARINES SUR,San Fernando,PH051732000,95.0,26.0,27.37
5,CAMARINES SUR,San Jose,PH051733000,74.0,25.0,33.78
5,CAMARINES SUR,Sipocot,PH051734000,103.0,57.0,55.34
5,CAMARINES SUR,Siruma,PH051735000,81.0,39.0,48.15
5,CAMARINES SUR,Tigaon,PH051736000,252.0,45.0,17.86
5,CAMARINES SUR,Tinambac,PH051737000,260.0,106.0,40.77
10,CAMIGUIN,Catarman,PH101801000,542.0,159.0,29.34
10,CAMIGUIN,Guinsiliban,PH101802000,208.0,62.0,29.81
10,CAMIGUIN,Mahinog,PH101803000,411.0,121.0,29.44
10,CAMIGUIN,Mambajao,PH101804000,1500.0,249.0,16.6
10,CAMIGUIN,Sagay,PH101805000,364.0,138.0,37.91
6,CAPIZ,Cuartero,PH061901000,231.0,145.0,62.77
6,CAPIZ,Dao,PH061902000,289.0,148.0,51.21
6,CAPIZ,Dumalag,PH061903000,174.0,103.0,59.2
6,CAPIZ,Dumarao,PH061904000,341.0,252.0,73.9
6,CAPIZ,Ivisan,PH061905000,267.0,74.0,27.72
6,CAPIZ,Jamindan,PH061906000,424.0,239.0,56.37
6,CAPIZ,Ma-Ayon,PH061907000,239.0,180.0,75.31
6,CAPIZ,Mambusao,PH061908000,186.0,73.0,39.25
6,CAPIZ,Panay,PH061909000,343.0,162.0,47.23
6,CAPIZ,Panitan,PH061910000,301.0,163.0,54.15
6,CAPIZ,Pilar,PH061911000,282.0,128.0,45.39
6,CAPIZ,Pontevedra,PH061912000,363.0,116.0,31.96
6,CAPIZ,President Roxas,PH061913000,430.0,179.0,41.63
6,CAPIZ,City of Roxas,PH061914000,1527.0,110.0,7.2
6,CAPIZ,Sapi-An,PH061915000,145.0,65.0,44.83
6,CAPIZ,Sigma,PH061916000,288.0,142.0,49.31
6,CAPIZ,Tapaz,PH061917000,484.0,292.0,60.33
5,CATANDUANES,Bagamanoc,PH052001000,377.0,173.0,45.89
5,CATANDUANES,Baras,PH052002000,230.0,71.0,30.87
5,CATANDUANES,Bato,PH052003000,527.0,164.0,31.12
5,CATANDUANES,Caramoran,PH052004000,635.0,308.0,48.5
5,CATANDUANES,Gigmoto,PH052005000,146.0,83.0,56.85
5,CATANDUANES,Pandan,PH052006000,617.0,280.0,45.38
5,CATANDUANES,Panganiban,PH052007000,219.0,88.0,40.18
5,CATANDUANES,San Andres,PH052008000,716.0,184.0,25.7
5,CATANDUANES,San Miguel,PH052009000,354.0,165.0,46.61
5,CATANDUANES,Viga,PH052010000,526.0,270.0,51.33
5,CATANDUANES,Virac,PH052011000,1886.0,164.0,8.7
4,CAVITE,Alfonso,PH042101000,153.0,24.0,15.69
4,CAVITE,Amadeo,PH042102000,43.0,6.0,13.95
4,CAVITE,City of Bacoor,PH042103000,681.0,7.0,1.03
4,CAVITE,City of Carmona,PH042104000,285.0,5.0,1.75
8,CAVITE,City of Cavite,PH042105000,246.0,8.0,3.25
4,CAVITE,City of Dasmariñas,PH042106000,896.0,4.0,0.45
4,CAVITE,General Emilio Aguinaldo,PH042107000,19.0,2.0,10.53
4,CAVITE,City of General Trias,PH042108000,427.0,2.0,0.47
4,CAVITE,City of Imus,PH042109000,643.0,10.0,1.56
4,CAVITE,Indang,PH042110000,106.0,12.0,11.32
4,CAVITE,Kawit,PH042111000,85.0,0.0,0.0
4,CAVITE,Magallanes,PH042112000,67.0,15.0,22.39
4,CAVITE,Maragondon,PH042113000,76.0,16.0,21.05
4,CAVITE,Mendez,PH042114000,60.0,4.0,6.67
4,CAVITE,Naic,PH042115000,206.0,9.0,4.37
4,CAVITE,Noveleta,PH042116000,24.0,1.0,4.17
4,CAVITE,Rosario,PH042117000,463.0,9.0,1.94
4,CAVITE,Silang,PH042118000,485.0,30.0,6.19
4,CAVITE,City of Tagaytay,PH042119000,251.0,5.0,1.99
4,CAVITE,Tanza,PH042120000,375.0,15.0,4.0
4,CAVITE,Ternate,PH042121000,7.0,0.0,0.0
4,CAVITE,City of Trece Martires,PH042122000,220.0,2.0,0.91
4,CAVITE,Gen. Mariano Alvarez,PH042123000,118.0,0.0,0.0
7,CEBU,Alcantara,PH072201000,14.0,3.0,21.43
7,CEBU,Alcoy,PH072202000,4.0,0.0,0.0
7,CEBU,Alegria,PH072203000,117.0,56.0,47.86
7,CEBU,Aloguinsan,PH072204000,2.0,0.0,0.0
7,CEBU,Argao,PH072205000,101.0,30.0,29.7
7,CEBU,Asturias,PH072206000,149.0,62.0,41.61
7,CEBU,Badian,PH072207000,97.0,53.0,54.64
7,CEBU,Balamban,PH072208000,193.0,34.0,17.62
7,CEBU,Bantayan,PH072209000,113.0,54.0,47.79
7,CEBU,Barili,PH072210000,76.0,39.0,51.32
7,CEBU,City of Bogo,PH072211000,158.0,38.0,24.05
7,CEBU,Boljoon,PH072212000,26.0,16.0,61.54
7,CEBU,Borbon,PH072213000,53.0,17.0,32.08
7,CEBU,City of Carcar,PH072214000,224.0,53.0,23.66
7,CEBU,Carmen,PH072215000,92.0,42.0,45.65
7,CEBU,Catmon,PH072216000,97.0,39.0,40.21
7,CEBU,City of Cebu,PH072217000,7742.0,284.0,3.67
7,CEBU,Compostela,PH072218000,49.0,1.0,2.04
7,CEBU,Consolacion,PH072219000,238.0,6.0,2.52
7,CEBU,Cordova,PH072220000,85.0,3.0,3.53
7,CEBU,Daanbantayan,PH072221000,195.0,65.0,33.33
7,CEBU,Dalaguete,PH072222000,105.0,23.0,21.9
7,CEBU,Danao City,PH072223000,381.0,53.0,13.91
7,CEBU,Dumanjug,PH072224000,43.0,14.0,32.56
7,CEBU,Ginatilan,PH072225000,17.0,11.0,64.71
7,CEBU,City of Lapu-Lapu,PH072226000,5943.0,163.0,2.74
7,CEBU,Liloan,PH072227000,311.0,25.0,8.04
7,CEBU,Madridejos,PH072228000,68.0,21.0,30.88
7,CEBU,Malabuyoc,PH072229000,28.0,20.0,71.43
7,CEBU,City of Mandaue,PH072230000,5125.0,26.0,0.51
7,CEBU,Medellin,PH072231000,153.0,52.0,33.99
7,CEBU,Minglanilla,PH072232000,155.0,5.0,3.23
7,CEBU,Moalboal,PH072233000,66.0,14.0,21.21
7,CEBU,City of Naga,PH072234000,245.0,23.0,9.39
7,CEBU,Oslob,PH072235000,102.0,39.0,38.24
7,CEBU,Pilar,PH072236000,5.0,0.0,0.0
7,CEBU,Pinamungajan,PH072237000,47.0,8.0,17.02
7,CEBU,Poro,PH072238000,51.0,16.0,31.37
7,CEBU,Ronda,PH072239000,119.0,66.0,55.46
7,CEBU,Samboan,PH072240000,41.0,9.0,21.95
7,CEBU,San Fernando,PH072241000,109.0,20.0,18.35
7,CEBU,San Francisco,PH072242000,86.0,29.0,33.72
7,CEBU,San Remigio,PH072243000,60.0,20.0,33.33
7,CEBU,Santa Fe,PH072244000,95.0,35.0,36.84
7,CEBU,Santander,PH072245000,71.0,22.0,30.99
7,CEBU,Sibonga,PH072246000,124.0,24.0,19.35
7,CEBU,Sogod,PH072247000,98.0,39.0,39.8
7,CEBU,Tabogon,PH072248000,89.0,32.0,35.96
7,CEBU,Tabuelan,PH072249000,5.0,2.0,40.0
7,CEBU,City of Talisay,PH072250000,438.0,6.0,1.37
7,CEBU,City of Toledo,PH072251000,265.0,49.0,18.49
7,CEBU,Tuburan,PH072252000,118.0,46.0,38.98
7,CEBU,Tudela,PH072253000,5.0,3.0,60.0
11,DAVAO DEL NORTE,Asuncion,PH112301000,364.0,207.0,56.87
11,DAVAO DEL NORTE,Carmen,PH112303000,342.0,113.0,33.04
11,DAVAO DEL NORTE,Kapalong,PH112305000,241.0,94.0,39.0
11,DAVAO DEL NORTE,New Corella,PH112314000,379.0,206.0,54.35
11,DAVAO DEL NORTE,City of Panabo,PH112315000,1255.0,356.0,28.37
11,DAVAO DEL NORTE,Island Garden City of Samal,PH112317000,512.0,144.0,28.12
11,DAVAO DEL NORTE,Santo Tomas,PH112318000,566.0,304.0,53.71
11,DAVAO DEL NORTE,City of Tagum,PH112319000,1964.0,148.0,7.54
11,DAVAO DEL NORTE,Talaingod,PH112322000,155.0,117.0,75.48
11,DAVAO DEL NORTE,Braulio E. Dujali,PH112323000,129.0,73.0,56.59
11,DAVAO DEL NORTE,San Isidro,PH112324000,298.0,179.0,60.07
11,DAVAO DEL SUR,Bansalan,PH112401000,480.0,176.0,36.67
11,DAVAO DEL SUR,City of Davao,PH112402000,7346.0,677.0,9.22
11,DAVAO DEL SUR,City of Digos,PH112403000,1761.0,415.0,23.57
11,DAVAO DEL SUR,Hagonoy,PH112404000,362.0,174.0,48.07
11,DAVAO DEL SUR,Kiblawan,PH112406000,314.0,201.0,64.01
11,DAVAO DEL SUR,Magsaysay,PH112407000,436.0,226.0,51.83
11,DAVAO DEL SUR,Malalag,PH112408000,230.0,105.0,45.65
11,DAVAO DEL SUR,Matanao,PH112410000,475.0,235.0,49.47
11,DAVAO DEL SUR,Padada,PH112411000,196.0,68.0,34.69
11,DAVAO DEL SUR,Santa Cruz,PH112412000,685.0,166.0,24.23
11,DAVAO DEL SUR,Sulop,PH112414000,417.0,209.0,50.12
11,DAVAO ORIENTAL,Baganga,PH112501000,734.0,302.0,41.14
11,DAVAO ORIENTAL,Banaybanay,PH112502000,293.0,126.0,43.0
11,DAVAO ORIENTAL,Boston,PH112503000,152.0,90.0,59.21
11,DAVAO ORIENTAL,Caraga,PH112504000,332.0,213.0,64.16
11,DAVAO ORIENTAL,Cateel,PH112505000,726.0,412.0,56.75
11,DAVAO ORIENTAL,Governor Generoso,PH112506000,597.0,272.0,45.56
11,DAVAO ORIENTAL,Lupon,PH112507000,657.0,263.0,40.03
11,DAVAO ORIENTAL,Manay,PH112508000,319.0,179.0,56.11
11,DAVAO ORIENTAL,City of Mati,PH112509000,1799.0,554.0,30.79
11,DAVAO ORIENTAL,San Isidro,PH112510000,157.0,63.0,40.13
11,DAVAO ORIENTAL,Tarragona,PH112511000,357.0,228.0,63.87
8,EASTERN SAMAR,Arteche,PH082601000,285.0,126.0,44.21
8,EASTERN SAMAR,Balangiga,PH082602000,184.0,71.0,38.59
8,EASTERN SAMAR,Balangkayan,PH082603000,102.0,44.0,43.14
8,EASTERN SAMAR,City of Borongan,PH082604000,1132.0,172.0,15.19
8,EASTERN SAMAR,Can-Avid,PH082605000,156.0,57.0,36.54
8,EASTERN SAMAR,Dolores,PH082606000,642.0,253.0,39.41
8,EASTERN SAMAR,General Macarthur,PH082607000,156.0,64.0,41.03
8,EASTERN SAMAR,Giporlos,PH082608000,191.0,71.0,37.17
8,EASTERN SAMAR,Guiuan,PH082609000,761.0,160.0,21.02
8,EASTERN SAMAR,Hernani,PH082610000,90.0,20.0,22.22
8,EASTERN SAMAR,Jipapad,PH082611000,106.0,53.0,50.0
8,EASTERN SAMAR,Lawaan,PH082612000,173.0,64.0,36.99
8,EASTERN SAMAR,Llorente,PH082613000,205.0,71.0,34.63
8,EASTERN SAMAR,Maydolong,PH082615000,139.0,45.0,32.37
8,EASTERN SAMAR,Mercedes,PH082616000,126.0,43.0,34.13
8,EASTERN SAMAR,Oras,PH082617000,469.0,192.0,40.94
8,EASTERN SAMAR,Quinapondan,PH082618000,82.0,33.0,40.24
8,EASTERN SAMAR,Salcedo,PH082619000,289.0,126.0,43.6
8,EASTERN SAMAR,San Julian,PH082620000,132.0,43.0,32.58
8,EASTERN SAMAR,San Policarpo,PH082621000,126.0,62.0,49.21
8,EASTERN SAMAR,Sulat,PH082622000,173.0,63.0,36.42
8,EASTERN SAMAR,Taft,PH082623000,334.0,115.0,34.43
14,IFUGAO,Banaue,PH142701000,606.0,300.0,49.5
14,IFUGAO,Hungduan,PH142702000,232.0,123.0,53.02
14,IFUGAO,Kiangan,PH142703000,379.0,193.0,50.92
14,IFUGAO,Lagawe,PH142704000,810.0,326.0,40.25
14,IFUGAO,Lamut,PH142705000,1128.0,506.0,44.86
14,IFUGAO,Mayoyao,PH142706000,617.0,416.0,67.42
14,IFUGAO,Alfonso Lista,PH142707000,1204.0,709.0,58.89
14,IFUGAO,Aguinaldo,PH142708000,525.0,391.0,74.48
14,IFUGAO,Hingyon,PH142709000,238.0,128.0,53.78
14,IFUGAO,Tinoc,PH142710000,642.0,513.0,79.91
14,IFUGAO,Asipulo,PH142711000,283.0,183.0,64.66
1,ILOCOS NORTE,Adams,PH012801000,78.0,47.0,60.26
1,ILOCOS NORTE,Bacarra,PH012802000,421.0,205.0,48.69
1,ILOCOS NORTE,Badoc,PH012803000,517.0,317.0,61.32
1,ILOCOS NORTE,Bangui,PH012804000,357.0,159.0,44.54
1,ILOCOS NORTE,City of Batac,PH012805000,843.0,363.0,43.06
1,ILOCOS NORTE,Burgos,PH012806000,94.0,46.0,48.94
1,ILOCOS NORTE,Carasi,PH012807000,19.0,16.0,84.21
1,ILOCOS NORTE,Currimao,PH012808000,224.0,80.0,35.71
1,ILOCOS NORTE,Dingras,PH012809000,711.0,523.0,73.56
1,ILOCOS NORTE,Dumalneg,PH012810000,42.0,14.0,33.33
1,ILOCOS NORTE,Banna,PH012811000,240.0,160.0,66.67
1,ILOCOS NORTE,City of Laoag,PH012812000,1498.0,279.0,18.62
1,ILOCOS NORTE,Marcos,PH012813000,257.0,177.0,68.87
1,ILOCOS NORTE,Nueva Era,PH012814000,193.0,95.0,49.22
1,ILOCOS NORTE,Pagudpud,PH012815000,375.0,188.0,50.13
1,ILOCOS NORTE,Paoay,PH012816000,226.0,96.0,42.48
1,ILOCOS NORTE,Pasuquin,PH012817000,449.0,236.0,52.56
1,ILOCOS NORTE,Piddig,PH012818000,438.0,269.0,61.42
1,ILOCOS NORTE,Pinili,PH012819000,259.0,177.0,68.34
1,ILOCOS NORTE,San Nicolas,PH012820000,676.0,124.0,18.34
1,ILOCOS NORTE,Sarrat,PH012821000,280.0,148.0,52.86
1,ILOCOS NORTE,Solsona,PH012822000,326.0,146.0,44.79
1,ILOCOS NORTE,Vintar,PH012823000,401.0,277.0,69.08
1,ILOCOS SUR,Alilem,PH012901000,100.0,68.0,68.0
1,ILOCOS SUR,Banayoyo,PH012902000,3.0,0.0,0.0
1,ILOCOS SUR,Bantay,PH012903000,371.0,79.0,21.29
1,ILOCOS SUR,Burgos,PH012904000,126.0,76.0,60.32
1,ILOCOS SUR,Cabugao,PH012905000,144.0,72.0,50.0
1,ILOCOS SUR,City of Candon,PH012906000,481.0,59.0,12.27
1,ILOCOS SUR,Caoayan,PH012907000,81.0,20.0,24.69
1,ILOCOS SUR,Cervantes,PH012908000,105.0,68.0,64.76
1,ILOCOS SUR,Galimuyod,PH012909000,39.0,14.0,35.9
1,ILOCOS SUR,Gregorio del Pilar,PH012910000,4.0,1.0,25.0
1,ILOCOS SUR,Lidlidda,PH012911000,27.0,15.0,55.56
1,ILOCOS SUR,Magsingal,PH012912000,273.0,121.0,44.32
1,ILOCOS SUR,Nagbukel,PH012913000,107.0,61.0,57.01
1,ILOCOS SUR,Narvacan,PH012914000,354.0,165.0,46.61
1,ILOCOS SUR,Quirino,PH012915000,128.0,65.0,50.78
1,ILOCOS SUR,Salcedo,PH012916000,144.0,69.0,47.92
1,ILOCOS SUR,San Emilio,PH012917000,142.0,84.0,59.15
1,ILOCOS SUR,San Esteban,PH012918000,145.0,62.0,42.76
1,ILOCOS SUR,San Ildefonso,PH012919000,86.0,24.0,27.91
1,ILOCOS SUR,San Juan,PH012920000,291.0,131.0,45.02
1,ILOCOS SUR,San Vicente,PH012921000,182.0,53.0,29.12
1,ILOCOS SUR,Santa,PH012922000,88.0,28.0,31.82
1,ILOCOS SUR,Santa Catalina,PH012923000,67.0,26.0,38.81
1,ILOCOS SUR,Santa Cruz,PH012924000,253.0,78.0,30.83
1,ILOCOS SUR,Santa Lucia,PH012925000,182.0,76.0,41.76
1,ILOCOS SUR,Santa Maria,PH012926000,290.0,110.0,37.93
1,ILOCOS SUR,Santiago,PH012927000,226.0,65.0,28.76
1,ILOCOS SUR,Santo Domingo,PH012928000,230.0,91.0,39.57
1,ILOCOS SUR,Sigay,PH012929000,1.0,0.0,0.0
1,ILOCOS SUR,Sinait,PH012930000,239.0,105.0,43.93
1,ILOCOS SUR,Sugpon,PH012931000,87.0,64.0,73.56
1,ILOCOS SUR,Suyo,PH012932000,115.0,56.0,48.7
1,ILOCOS SUR,Tagudin,PH012933000,358.0,135.0,37.71
1,ILOCOS SUR,City of Vigan,PH012934000,644.0,36.0,5.59
6,ILOILO,Ajuy,PH063001000,154.0,43.0,27.92
6,ILOILO,Alimodian,PH063002000,76.0,22.0,28.95
6,ILOILO,Anilao,PH063003000,90.0,45.0,50.0
6,ILOILO,Badiangan,PH063004000,16.0,4.0,25.0
6,ILOILO,Balasan,PH063005000,178.0,51.0,28.65
6,ILOILO,Banate,PH063006000,68.0,22.0,32.35
6,ILOILO,Barotac Nuevo,PH063007000,241.0,59.0,24.48
6,ILOILO,Barotac Viejo,PH063008000,160.0,50.0,31.25
6,ILOILO,Batad,PH063009000,104.0,34.0,32.69
6,ILOILO,Bingawan,PH063010000,16.0,9.0,56.25
6,ILOILO,Cabatuan,PH063012000,119.0,26.0,21.85
6,ILOILO,Calinog,PH063013000,187.0,69.0,36.9
6,ILOILO,Carles,PH063014000,280.0,131.0,46.79
6,ILOILO,Concepcion,PH063015000,46.0,20.0,43.48
6,ILOILO,Dingle,PH063016000,146.0,80.0,54.79
6,ILOILO,Dueñas,PH063017000,162.0,98.0,60.49
6,ILOILO,Dumangas,PH063018000,167.0,56.0,33.53
6,ILOILO,Estancia,PH063019000,97.0,25.0,25.77
6,ILOILO,Guimbal,PH063020000,133.0,31.0,23.31
6,ILOILO,Igbaras,PH063021000,110.0,41.0,37.27
6,ILOILO,City of Iloilo,PH063022000,8102.0,129.0,1.59
6,ILOILO,Janiuay,PH063023000,203.0,68.0,33.5
6,ILOILO,Lambunao,PH063025000,261.0,138.0,52.87
6,ILOILO,Leganes,PH063026000,160.0,21.0,13.12
6,ILOILO,Lemery,PH063027000,78.0,50.0,64.1
6,ILOILO,Leon,PH063028000,181.0,95.0,52.49
6,ILOILO,Maasin,PH063029000,69.0,18.0,26.09
6,ILOILO,Miagao,PH063030000,201.0,68.0,33.83
6,ILOILO,Mina,PH063031000,76.0,33.0,43.42
6,ILOILO,New Lucena,PH063032000,61.0,18.0,29.51
6,ILOILO,Oton,PH063034000,240.0,65.0,27.08
6,ILOILO,City of Passi,PH063035000,247.0,131.0,53.04
6,ILOILO,Pavia,PH063036000,318.0,25.0,7.86
6,ILOILO,Pototan,PH063037000,186.0,32.0,17.2
6,ILOILO,San Dionisio,PH063038000,57.0,27.0,47.37
6,ILOILO,San Enrique,PH063039000,63.0,18.0,28.57
6,ILOILO,San Joaquin,PH063040000,44.0,10.0,22.73
6,ILOILO,San Miguel,PH063041000,99.0,25.0,25.25
6,ILOILO,San Rafael,PH063042000,5.0,2.0,40.0
6,ILOILO,Santa Barbara,PH063043000,231.0,28.0,12.12
6,ILOILO,Sara,PH063044000,197.0,76.0,38.58
6,ILOILO,Tigbauan,PH063045000,123.0,48.0,39.02
6,ILOILO,Tubungan,PH063046000,183.0,90.0,49.18
6,ILOILO,Zarraga,PH063047000,110.0,17.0,15.45
2,ISABELA,Alicia,PH023101000,449.0,162.0,36.08
2,ISABELA,Angadanan,PH023102000,151.0,112.0,74.17
2,ISABELA,Aurora,PH023103000,88.0,23.0,26.14
2,ISABELA,Benito Soliven,PH023104000,4.0,1.0,25.0
2,ISABELA,Burgos,PH023105000,58.0,30.0,51.72
2,ISABELA,Cabagan,PH023106000,198.0,51.0,25.76
2,ISABELA,Cabatuan,PH023107000,268.0,122.0,45.52
2,ISABELA,City of Cauayan,PH023108000,714.0,165.0,23.11
2,ISABELA,Cordon,PH023109000,195.0,69.0,35.38
3,ISABELA,Dinapigue,PH023110000,11.0,5.0,45.45
2,ISABELA,Echague,PH023112000,299.0,127.0,42.47
2,ISABELA,Gamu,PH023113000,110.0,36.0,32.73
2,ISABELA,City of Ilagan,PH023114000,482.0,153.0,31.74
2,ISABELA,Jones,PH023115000,185.0,130.0,70.27
2,ISABELA,Luna,PH023116000,64.0,36.0,56.25
2,ISABELA,Delfin Albano,PH023118000,54.0,27.0,50.0
2,ISABELA,Mallig,PH023119000,118.0,43.0,36.44
2,ISABELA,Naguilian,PH023120000,152.0,70.0,46.05
8,ISABELA,Palanan,PH023121000,2.0,2.0,100.0
2,ISABELA,Quezon,PH023122000,76.0,27.0,35.53
2,ISABELA,Quirino,PH023123000,67.0,41.0,61.19
2,ISABELA,Ramon,PH023124000,109.0,43.0,39.45
2,ISABELA,Reina Mercedes,PH023125000,127.0,40.0,31.5
2,ISABELA,Roxas,PH023126000,187.0,86.0,45.99
2,ISABELA,San Agustin,PH023127000,25.0,12.0,48.0
2,ISABELA,San Guillermo,PH023128000,86.0,69.0,80.23
2,ISABELA,San Isidro,PH023129000,123.0,41.0,33.33
2,ISABELA,San Manuel,PH023130000,128.0,71.0,55.47
2,ISABELA,San Mariano,PH023131000,318.0,222.0,69.81
2,ISABELA,San Mateo,PH023132000,248.0,90.0,36.29
2,ISABELA,San Pablo,PH023133000,83.0,27.0,32.53
2,ISABELA,Santa Maria,PH023134000,73.0,42.0,57.53
2,ISABELA,City of Santiago,PH023135000,802.0,96.0,11.97
2,ISABELA,Santo Tomas,PH023136000,45.0,17.0,37.78
2,ISABELA,Tumauini,PH023137000,377.0,152.0,40.32
14,KALINGA,Balbalan,PH143201000,286.0,161.0,56.29
14,KALINGA,Lubuagan,PH143206000,377.0,183.0,48.54
14,KALINGA,Pasil,PH143208000,460.0,315.0,68.48
14,KALINGA,Pinukpuk,PH143209000,1270.0,927.0,72.99
14,KALINGA,Rizal,PH143211000,603.0,335.0,55.56
14,KALINGA,City of Tabuk,PH143213000,3628.0,1345.0,37.07
14,KALINGA,Tanudan,PH143214000,236.0,176.0,74.58
14,KALINGA,Tinglayan,PH143215000,473.0,296.0,62.58
1,LA UNION,Agoo,PH013301000,457.0,89.0,19.47
1,LA UNION,Aringay,PH013302000,303.0,108.0,35.64
1,LA UNION,Bacnotan,PH013303000,278.0,50.0,17.99
1,LA UNION,Bagulin,PH013304000,76.0,7.0,9.21
1,LA UNION,Balaoan,PH013305000,286.0,81.0,28.32
1,LA UNION,Bangar,PH013306000,316.0,85.0,26.9
1,LA UNION,Bauang,PH013307000,587.0,83.0,14.14
1,LA UNION,Burgos,PH013308000,35.0,7.0,20.0
1,LA UNION,Caba,PH013309000,136.0,29.0,21.32
1,LA UNION,Luna,PH013310000,226.0,69.0,30.53
1,LA UNION,Naguilian,PH013311000,331.0,92.0,27.79
1,LA UNION,Pugo,PH013312000,76.0,16.0,21.05
1,LA UNION,Rosario,PH013313000,324.0,72.0,22.22
1,LA UNION,City of San Fernando,PH013314000,1210.0,78.0,6.45
1,LA UNION,San Gabriel,PH013315000,125.0,54.0,43.2
1,LA UNION,San Juan,PH013316000,343.0,66.0,19.24
1,LA UNION,Santo Tomas,PH013317000,268.0,78.0,29.1
1,LA UNION,Santol,PH013318000,81.0,55.0,67.9
1,LA UNION,Sudipen,PH013319000,122.0,73.0,59.84
1,LA UNION,Tubao,PH013320000,112.0,32.0,28.57
4,LAGUNA,Alaminos,PH043401000,56.0,5.0,8.93
4,LAGUNA,Bay,PH043402000,70.0,14.0,20.0
4,LAGUNA,City of Biñan,PH043403000,888.0,5.0,0.56
4,LAGUNA,City of Cabuyao,PH043404000,719.0,7.0,0.97
4,LAGUNA,City of Calamba,PH043405000,1359.0,22.0,1.62
4,LAGUNA,Calauan,PH043406000,153.0,37.0,24.18
4,LAGUNA,Cavinti,PH043407000,159.0,51.0,32.08
4,LAGUNA,Famy,PH043408000,33.0,9.0,27.27
4,LAGUNA,Kalayaan,PH043409000,4.0,0.0,0.0
4,LAGUNA,Liliw,PH043410000,36.0,6.0,16.67
4,LAGUNA,Los Baños,PH043411000,291.0,8.0,2.75
4,LAGUNA,Luisiana,PH043412000,47.0,9.0,19.15
4,LAGUNA,Lumban,PH043413000,31.0,0.0,0.0
4,LAGUNA,Mabitac,PH043414000,37.0,4.0,10.81
4,LAGUNA,Magdalena,PH043415000,31.0,14.0,45.16
4,LAGUNA,Majayjay,PH043416000,100.0,29.0,29.0
4,LAGUNA,Nagcarlan,PH043417000,207.0,15.0,7.25
4,LAGUNA,Paete,PH043418000,46.0,7.0,15.22
4,LAGUNA,Pagsanjan,PH043419000,117.0,17.0,14.53
4,LAGUNA,Pakil,PH043420000,43.0,8.0,18.6
4,LAGUNA,Pangil,PH043421000,54.0,13.0,24.07
4,LAGUNA,Pila,PH043422000,50.0,4.0,8.0
4,LAGUNA,Rizal,PH043423000,31.0,3.0,9.68
4,LAGUNA,City of San Pablo,PH043424000,395.0,28.0,7.09
4,LAGUNA,City of San Pedro,PH043425000,611.0,4.0,0.65
4,LAGUNA,Santa Cruz,PH043426000,166.0,7.0,4.22
4,LAGUNA,Santa Maria,PH043427000,51.0,19.0,37.25
4,LAGUNA,City of Santa Rosa,PH043428000,756.0,3.0,0.4
4,LAGUNA,Siniloan,PH043429000,64.0,10.0,15.62
4,LAGUNA,Victoria,PH043430000,6.0,0.0,0.0
10,LANAO DEL NORTE,Bacolod,PH103501000,229.0,86.0,37.55
10,LANAO DEL NORTE,Baloi,PH103502000,368.0,108.0,29.35
10,LANAO DEL NORTE,Baroy,PH103503000,290.0,130.0,44.83
10,LANAO DEL NORTE,City of Iligan,PH103504000,5554.0,537.0,9.67
10,LANAO DEL NORTE,Kapatagan,PH103505000,512.0,217.0,42.38
10,LANAO DEL NORTE,Sultan Naga Dimaporo,PH103506000,470.0,277.0,58.94
10,LANAO DEL NORTE,Kauswagan,PH103507000,254.0,71.0,27.95
10,LANAO DEL NORTE,Kolambugan,PH103508000,211.0,58.0,27.49
10,LANAO DEL NORTE,Lala,PH103509000,794.0,289.0,36.4
10,LANAO DEL NORTE,Linamon,PH103510000,110.0,9.0,8.18
10,LANAO DEL NORTE,Magsaysay,PH103511000,149.0,88.0,59.06
10,LANAO DEL NORTE,Maigo,PH103512000,176.0,61.0,34.66
10,LANAO DEL NORTE,Matungao,PH103513000,59.0,41.0,69.49
10,LANAO DEL NORTE,Munai,PH103514000,237.0,161.0,67.93
10,LANAO DEL NORTE,Nunungan,PH103515000,193.0,169.0,87.56
10,LANAO DEL NORTE,Pantao Ragat,PH103516000,90.0,70.0,77.78
10,LANAO DEL NORTE,Poona Piagapo,PH103517000,192.0,135.0,70.31
10,LANAO DEL NORTE,Salvador,PH103518000,317.0,201.0,63.41
10,LANAO DEL NORTE,Sapad,PH103519000,291.0,189.0,64.95
10,LANAO DEL NORTE,Tagoloan,PH103520000,191.0,121.0,63.35
10,LANAO DEL NORTE,Tangcal,PH103521000,94.0,75.0,79.79
10,LANAO DEL NORTE,Tubod,PH103522000,377.0,114.0,30.24
10,LANAO DEL NORTE,Pantar,PH103523000,102.0,40.0,39.22
15,LANAO DEL SUR,Bacolod-Kalawi,PH153601000,188.0,49.0,26.06
15,LANAO DEL SUR,Balabagan,PH153602000,288.0,184.0,63.89
15,LANAO DEL SUR,Balindong,PH153603000,528.0,165.0,31.25
15,LANAO DEL SUR,Bayang,PH153604000,66.0,54.0,81.82
15,LANAO DEL SUR,Binidayan,PH153605000,209.0,96.0,45.93
15,LANAO DEL SUR,Bubong,PH153606000,134.0,69.0,51.49
15,LANAO DEL SUR,Butig,PH153607000,98.0,52.0,53.06
15,LANAO DEL SUR,Ganassi,PH153609000,337.0,131.0,38.87
15,LANAO DEL SUR,Kapai,PH153610000,163.0,83.0,50.92
15,LANAO DEL SUR,Lumba-Bayabao,PH153611000,200.0,129.0,64.5
15,LANAO DEL SUR,Lumbatan,PH153612000,170.0,76.0,44.71
15,LANAO DEL SUR,Madalum,PH153613000,259.0,134.0,51.74
15,LANAO DEL SUR,Madamba,PH153614000,135.0,50.0,37.04
15,LANAO DEL SUR,Malabang,PH153615000,369.0,154.0,41.73
15,LANAO DEL SUR,Marantao,PH153616000,452.0,127.0,28.1
10,LANAO DEL SUR,City of Marawi,PH153617000,404.0,5.0,1.24
15,LANAO DEL SUR,Masiu,PH153618000,133.0,63.0,47.37
15,LANAO DEL SUR,Mulondo,PH153619000,192.0,92.0,47.92
15,LANAO DEL SUR,Pagayawan,PH153620000,202.0,147.0,72.77
15,LANAO DEL SUR,Piagapo,PH153621000,355.0,232.0,65.35
15,LANAO DEL SUR,Poona Bayabao,PH153622000,32.0,8.0,25.0
15,LANAO DEL SUR,Pualas,PH153623000,128.0,87.0,67.97
15,LANAO DEL SUR,Ditsaan-Ramain,PH153624000,264.0,75.0,28.41
15,LANAO DEL SUR,Saguiaran,PH153625000,510.0,228.0,44.71
15,LANAO DEL SUR,Tamparan,PH153626000,173.0,62.0,35.84
15,LANAO DEL SUR,Taraka,PH153627000,150.0,76.0,50.67
15,LANAO DEL SUR,Tubaran,PH153628000,78.0,45.0,57.69
15,LANAO DEL SUR,Tugaya,PH153629000,200.0,35.0,17.5
15,LANAO DEL SUR,Wao,PH153630000,463.0,275.0,59.4
15,LANAO DEL SUR,Marogong,PH153631000,149.0,107.0,71.81
15,LANAO DEL SUR,Calanogas,PH153632000,81.0,54.0,66.67
15,LANAO DEL SUR,Buadiposo-Buntong,PH153633000,169.0,80.0,47.34
15,LANAO DEL SUR,Maguing,PH153634000,237.0,173.0,73.0
15,LANAO DEL SUR,Picong,PH153635000,183.0,132.0,72.13
15,LANAO DEL SUR,Lumbayanague,PH153636000,107.0,66.0,61.68
15,LANAO DEL SUR,Amai Manabilang,PH153637000,74.0,54.0,72.97
15,LANAO DEL SUR,Kapatagan,PH153639000,211.0,131.0,62.09
15,LANAO DEL SUR,Sultan Dumalondong,PH153640000,91.0,60.0,65.93
15,LANAO DEL SUR,Lumbaca-Unayan,PH153641000,112.0,62.0,55.36
8,LEYTE,Abuyog,PH083701000,359.0,120.0,33.43
8,LEYTE,Alangalang,PH083702000,257.0,69.0,26.85
8,LEYTE,Albuera,PH083703000,122.0,42.0,34.43
8,LEYTE,Babatngon,PH083705000,62.0,21.0,33.87
8,LEYTE,Barugo,PH083706000,58.0,25.0,43.1
8,LEYTE,Bato,PH083707000,109.0,26.0,23.85
8,LEYTE,City of Baybay,PH083708000,558.0,164.0,29.39
8,LEYTE,Burauen,PH083710000,62.0,7.0,11.29
8,LEYTE,Calubian,PH083713000,32.0,12.0,37.5
8,LEYTE,Capoocan,PH083714000,93.0,29.0,31.18
8,LEYTE,Carigara,PH083715000,122.0,19.0,15.57
8,LEYTE,Dagami,PH083717000,104.0,31.0,29.81
8,LEYTE,Dulag,PH083718000,155.0,40.0,25.81
8,LEYTE,Hilongos,PH083719000,80.0,30.0,37.5
8,LEYTE,Hindang,PH083720000,40.0,13.0,32.5
8,LEYTE,Inopacan,PH083721000,133.0,58.0,43.61
8,LEYTE,Isabel,PH083722000,85.0,8.0,9.41
8,LEYTE,Jaro,PH083723000,86.0,23.0,26.74
8,LEYTE,Javier,PH083724000,35.0,19.0,54.29
8,LEYTE,Julita,PH083725000,98.0,45.0,45.92
8,LEYTE,Kananga,PH083726000,245.0,75.0,30.61
8,LEYTE,La Paz,PH083728000,92.0,28.0,30.43
8,LEYTE,Leyte,PH083729000,219.0,95.0,43.38
8,LEYTE,Macarthur,PH083730000,65.0,13.0,20.0
8,LEYTE,Mahaplag,PH083731000,99.0,41.0,41.41
8,LEYTE,Matag-Ob,PH083733000,66.0,18.0,27.27
8,LEYTE,Matalom,PH083734000,26.0,4.0,15.38
8,LEYTE,Mayorga,PH083735000,12.0,7.0,58.33
8,LEYTE,Merida,PH083736000,152.0,61.0,40.13
8,LEYTE,Ormoc City,PH083738000,939.0,139.0,14.8
8,LEYTE,Palo,PH083739000,341.0,17.0,4.99
8,LEYTE,Palompon,PH083740000,124.0,50.0,40.32
8,LEYTE,Pastrana,PH083741000,15.0,3.0,20.0
8,LEYTE,San Isidro,PH083742000,70.0,38.0,54.29
8,LEYTE,San Miguel,PH083743000,66.0,35.0,53.03
8,LEYTE,Santa Fe,PH083744000,122.0,38.0,31.15
8,LEYTE,Tabango,PH083745000,112.0,44.0,39.29
8,LEYTE,Tabontabon,PH083746000,12.0,4.0,33.33
8,LEYTE,City of Tacloban,PH083747000,6348.0,232.0,3.65
8,LEYTE,Tanauan,PH083748000,144.0,19.0,13.19
8,LEYTE,Tolosa,PH083749000,80.0,9.0,11.25
8,LEYTE,Tunga,PH083750000,4.0,0.0,0.0
8,LEYTE,Villaba,PH083751000,139.0,59.0,42.45
15,MAGUINDANAO,Ampatuan,PH153801000,251.0,186.0,74.1
15,MAGUINDANAO,Buldon,PH153802000,175.0,107.0,61.14
15,MAGUINDANAO,Buluan,PH153803000,178.0,55.0,30.9
15,MAGUINDANAO,Datu Paglas,PH153805000,55.0,40.0,72.73
15,MAGUINDANAO,Datu Piang,PH153806000,142.0,85.0,59.86
15,MAGUINDANAO,Datu Odin Sinsuat,PH153807000,495.0,188.0,37.98
15,MAGUINDANAO,Shariff Aguak,PH153808000,266.0,144.0,54.14
15,MAGUINDANAO,Matanog,PH153809000,230.0,153.0,66.52
15,MAGUINDANAO,Pagalungan,PH153810000,226.0,129.0,57.08
15,MAGUINDANAO,Parang,PH153811000,279.0,56.0,20.07
15,MAGUINDANAO,Sultan Kudarat,PH153812000,694.0,279.0,40.2
15,MAGUINDANAO,Sultan Sa Barongis,PH153813000,116.0,83.0,71.55
15,MAGUINDANAO,Kabuntalan,PH153814000,40.0,20.0,50.0
15,MAGUINDANAO,Upi,PH153815000,457.0,295.0,64.55
15,MAGUINDANAO,Talayan,PH153816000,74.0,45.0,60.81
15,MAGUINDANAO,South Upi,PH153817000,261.0,208.0,79.69
15,MAGUINDANAO,Barira,PH153818000,257.0,187.0,72.76
15,MAGUINDANAO,Gen. S.K. Pendatun,PH153819000,116.0,75.0,64.66
15,MAGUINDANAO,Mamasapano,PH153820000,179.0,152.0,84.92
15,MAGUINDANAO,Talitay,PH153821000,74.0,55.0,74.32
15,MAGUINDANAO,Pagagawan,PH153822000,304.0,202.0,66.45
15,MAGUINDANAO,Paglat,PH153823000,150.0,114.0,76.0
15,MAGUINDANAO,Sultan Mastura,PH153824000,203.0,98.0,48.28
15,MAGUINDANAO,Guindulungan,PH153825000,90.0,41.0,45.56
15,MAGUINDANAO,Datu Saudi Ampatuan,PH153826000,115.0,69.0,60.0
15,MAGUINDANAO,Datu Unsay,PH153827000,198.0,166.0,83.84
15,MAGUINDANAO,Datu Abdullah Sangki,PH153828000,133.0,94.0,70.68
15,MAGUINDANAO,Rajah Buayan,PH153829000,106.0,101.0,95.28
13,MAGUINDANAO,Datu Blah T. Sinsuat,PH153830000,1.0,0.0,0.0
15,MAGUINDANAO,Datu Anggal Midtimbang,PH153831000,96.0,60.0,62.5
15,MAGUINDANAO,Mangudadatu,PH153832000,40.0,18.0,45.0
15,MAGUINDANAO,Pandag,PH153833000,65.0,40.0,61.54
15,MAGUINDANAO,Northern Kabuntalan,PH153834000,132.0,104.0,78.79
15,MAGUINDANAO,Datu Salibo,PH153836000,69.0,20.0,28.99
15,MAGUINDANAO,Shariff Saydona Mustapha,PH153837000,34.0,33.0,97.06
17,MARINDUQUE,Boac,PH174001000,1492.0,380.0,25.47
17,MARINDUQUE,Buenavista,PH174002000,618.0,270.0,43.69
17,MARINDUQUE,Gasan,PH174003000,510.0,171.0,33.53
17,MARINDUQUE,Mogpog,PH174004000,748.0,263.0,35.16
17,MARINDUQUE,Santa Cruz,PH174005000,1277.0,493.0,38.61
17,MARINDUQUE,Torrijos,PH174006000,653.0,252.0,38.59
5,MASBATE,Aroroy,PH054101000,527.0,263.0,49.91
5,MASBATE,Baleno,PH054102000,208.0,129.0,62.02
5,MASBATE,Balud,PH054103000,349.0,172.0,49.28
5,MASBATE,Batuan,PH054104000,129.0,79.0,61.24
5,MASBATE,Cataingan,PH054105000,569.0,351.0,61.69
5,MASBATE,Cawayan,PH054106000,402.0,264.0,65.67
5,MASBATE,Claveria,PH054107000,325.0,188.0,57.85
5,MASBATE,Dimasalang,PH054108000,186.0,92.0,49.46
5,MASBATE,Esperanza,PH054109000,162.0,83.0,51.23
5,MASBATE,Mandaon,PH054110000,283.0,164.0,57.95
5,MASBATE,City of Masbate,PH054111000,571.0,109.0,19.09
5,MASBATE,Milagros,PH054112000,491.0,277.0,56.42
5,MASBATE,Mobo,PH054113000,165.0,63.0,38.18
5,MASBATE,Monreal,PH054114000,301.0,137.0,45.51
5,MASBATE,Palanas,PH054115000,208.0,106.0,50.96
5,MASBATE,Pio V. Corpus,PH054116000,211.0,133.0,63.03
5,MASBATE,Placer,PH054117000,505.0,292.0,57.82
5,MASBATE,San Fernando,PH054118000,49.0,20.0,40.82
5,MASBATE,San Jacinto,PH054119000,243.0,133.0,54.73
5,MASBATE,San Pascual,PH054120000,217.0,167.0,76.96
5,MASBATE,Uson,PH054121000,577.0,336.0,58.23
10,MISAMIS OCCIDENTAL,Aloran,PH104201000,376.0,151.0,40.16
10,MISAMIS OCCIDENTAL,Baliangao,PH104202000,168.0,108.0,64.29
10,MISAMIS OCCIDENTAL,Bonifacio,PH104203000,286.0,161.0,56.29
10,MISAMIS OCCIDENTAL,Calamba,PH104204000,162.0,53.0,32.72
10,MISAMIS OCCIDENTAL,Clarin,PH104205000,404.0,158.0,39.11
10,MISAMIS OCCIDENTAL,Concepcion,PH104206000,68.0,54.0,79.41
10,MISAMIS OCCIDENTAL,Jimenez,PH104207000,327.0,100.0,30.58
10,MISAMIS OCCIDENTAL,Lopez Jaena,PH104208000,276.0,117.0,42.39
10,MISAMIS OCCIDENTAL,City of Oroquieta,PH104209000,893.0,163.0,18.25
10,MISAMIS OCCIDENTAL,City of Ozamiz,PH104210000,1776.0,338.0,19.03
10,MISAMIS OCCIDENTAL,Panaon,PH104211000,115.0,44.0,38.26
10,MISAMIS OCCIDENTAL,Plaridel,PH104212000,241.0,110.0,45.64
10,MISAMIS OCCIDENTAL,Sapang Dalaga,PH104213000,193.0,114.0,59.07
10,MISAMIS OCCIDENTAL,Sinacaban,PH104214000,156.0,57.0,36.54
10,MISAMIS OCCIDENTAL,City of Tangub,PH104215000,579.0,198.0,34.2
10,MISAMIS OCCIDENTAL,Tudela,PH104216000,252.0,117.0,46.43
10,MISAMIS OCCIDENTAL,Don Victoriano Chiongbian,PH104217000,296.0,207.0,69.93
10,MISAMIS ORIENTAL,Alubijid,PH104301000,244.0,133.0,54.51
10,MISAMIS ORIENTAL,Balingasag,PH104302000,699.0,207.0,29.61
10,MISAMIS ORIENTAL,Balingoan,PH104303000,34.0,5.0,14.71
10,MISAMIS ORIENTAL,Binuangan,PH104304000,85.0,24.0,28.24
10,MISAMIS ORIENTAL,City of Cagayan De Oro,PH104305000,6650.0,288.0,4.33
10,MISAMIS ORIENTAL,Claveria,PH104306000,423.0,241.0,56.97
10,MISAMIS ORIENTAL,City of El Salvador,PH104307000,262.0,35.0,13.36
10,MISAMIS ORIENTAL,City of Gingoog,PH104308000,623.0,231.0,37.08
10,MISAMIS ORIENTAL,Gitagum,PH104309000,254.0,125.0,49.21
10,MISAMIS ORIENTAL,Initao,PH104310000,278.0,79.0,28.42
10,MISAMIS ORIENTAL,Jasaan,PH104311000,281.0,68.0,24.2
10,MISAMIS ORIENTAL,Kinoguitan,PH104312000,95.0,47.0,49.47
10,MISAMIS ORIENTAL,Lagonglong,PH104313000,207.0,70.0,33.82
10,MISAMIS ORIENTAL,Laguindingan,PH104314000,189.0,55.0,29.1
10,MISAMIS ORIENTAL,Libertad,PH104315000,71.0,35.0,49.3
10,MISAMIS ORIENTAL,Lugait,PH104316000,156.0,37.0,23.72
10,MISAMIS ORIENTAL,Magsaysay,PH104317000,293.0,164.0,55.97
10,MISAMIS ORIENTAL,Manticao,PH104318000,151.0,51.0,33.77
10,MISAMIS ORIENTAL,Medina,PH104319000,142.0,29.0,20.42
10,MISAMIS ORIENTAL,Naawan,PH104320000,186.0,49.0,26.34
10,MISAMIS ORIENTAL,Opol,PH104321000,266.0,40.0,15.04
10,MISAMIS ORIENTAL,Salay,PH104322000,310.0,107.0,34.52
10,MISAMIS ORIENTAL,Sugbongcogon,PH104323000,70.0,7.0,10.0
10,MISAMIS ORIENTAL,Tagoloan,PH104324000,481.0,53.0,11.02
10,MISAMIS ORIENTAL,Talisayan,PH104325000,203.0,88.0,43.35
10,MISAMIS ORIENTAL,Villanueva,PH104326000,223.0,23.0,10.31
14,MOUNTAIN PROVINCE,Barlig,PH144401000,378.0,247.0,65.34
14,MOUNTAIN PROVINCE,Bauko,PH144402000,1571.0,1212.0,77.15
14,MOUNTAIN PROVINCE,Besao,PH144403000,386.0,228.0,59.07
14,MOUNTAIN PROVINCE,Bontoc,PH144404000,1350.0,528.0,39.11
14,MOUNTAIN PROVINCE,Natonin,PH144405000,562.0,434.0,77.22
14,MOUNTAIN PROVINCE,Paracelis,PH144406000,1156.0,813.0,70.33
14,MOUNTAIN PROVINCE,Sabangan,PH144407000,493.0,270.0,54.77
14,MOUNTAIN PROVINCE,Sadanga,PH144408000,522.0,353.0,67.62
14,MOUNTAIN PROVINCE,Sagada,PH144409000,722.0,448.0,62.05
14,MOUNTAIN PROVINCE,Tadian,PH144410000,1000.0,641.0,64.1
6,NEGROS OCCIDENTAL,City of Bacolod,PH064501000,6569.0,211.0,3.21
6,NEGROS OCCIDENTAL,City of Bago,PH064502000,314.0,84.0,26.75
6,NEGROS OCCIDENTAL,Binalbagan,PH064503000,84.0,24.0,28.57
6,NEGROS OCCIDENTAL,City of Cadiz,PH064504000,280.0,127.0,45.36
6,NEGROS OCCIDENTAL,Calatrava,PH064505000,146.0,73.0,50.0
6,NEGROS OCCIDENTAL,Candoni,PH064506000,37.0,31.0,83.78
6,NEGROS OCCIDENTAL,Cauayan,PH064507000,344.0,191.0,55.52
6,NEGROS OCCIDENTAL,Enrique B. Magalona,PH064508000,232.0,127.0,54.74
6,NEGROS OCCIDENTAL,City of Escalante,PH064509000,189.0,79.0,41.8
6,NEGROS OCCIDENTAL,City of Himamaylan,PH064510000,270.0,150.0,55.56
6,NEGROS OCCIDENTAL,Hinigaran,PH064511000,309.0,115.0,37.22
6,NEGROS OCCIDENTAL,Hinoba-An,PH064512000,107.0,66.0,61.68
6,NEGROS OCCIDENTAL,Ilog,PH064513000,52.0,16.0,30.77
6,NEGROS OCCIDENTAL,Isabela,PH064514000,184.0,138.0,75.0
6,NEGROS OCCIDENTAL,City of Kabankalan,PH064515000,414.0,153.0,36.96
6,NEGROS OCCIDENTAL,City of La Carlota,PH064516000,78.0,35.0,44.87
6,NEGROS OCCIDENTAL,La Castellana,PH064517000,265.0,159.0,60.0
6,NEGROS OCCIDENTAL,Manapla,PH064518000,118.0,36.0,30.51
6,NEGROS OCCIDENTAL,Moises Padilla,PH064519000,107.0,52.0,48.6
6,NEGROS OCCIDENTAL,Murcia,PH064520000,345.0,162.0,46.96
6,NEGROS OCCIDENTAL,Pontevedra,PH064521000,184.0,89.0,48.37
6,NEGROS OCCIDENTAL,Pulupandan,PH064522000,24.0,1.0,4.17
6,NEGROS OCCIDENTAL,City of Sagay,PH064523000,255.0,77.0,30.2
6,NEGROS OCCIDENTAL,City of San Carlos,PH064524000,444.0,129.0,29.05
6,NEGROS OCCIDENTAL,San Enrique,PH064525000,59.0,19.0,32.2
6,NEGROS OCCIDENTAL,City of Silay,PH064526000,293.0,50.0,17.06
6,NEGROS OCCIDENTAL,City of Sipalay,PH064527000,61.0,12.0,19.67
6,NEGROS OCCIDENTAL,City of Talisay,PH064528000,208.0,23.0,11.06
6,NEGROS OCCIDENTAL,Toboso,PH064529000,46.0,23.0,50.0
6,NEGROS OCCIDENTAL,Valladolid,PH064530000,156.0,61.0,39.1
6,NEGROS OCCIDENTAL,City of Victorias,PH064531000,230.0,83.0,36.09
6,NEGROS OCCIDENTAL,Salvador Benedicto,PH064532000,42.0,26.0,61.9
7,NEGROS ORIENTAL,Amlan,PH074601000,26.0,9.0,34.62
7,NEGROS ORIENTAL,Ayungon,PH074602000,311.0,176.0,56.59
7,NEGROS ORIENTAL,Bacong,PH074603000,104.0,32.0,30.77
7,NEGROS ORIENTAL,City of Bais,PH074604000,331.0,136.0,41.09
7,NEGROS ORIENTAL,Basay,PH074605000,75.0,40.0,53.33
7,NEGROS ORIENTAL,City of Bayawan,PH074606000,501.0,232.0,46.31
7,NEGROS ORIENTAL,Bindoy,PH074607000,224.0,112.0,50.0
7,NEGROS ORIENTAL,City of Canlaon,PH074608000,163.0,83.0,50.92
7,NEGROS ORIENTAL,Dauin,PH074609000,138.0,54.0,39.13
7,NEGROS ORIENTAL,City of Dumaguete,PH074610000,1049.0,33.0,3.15
7,NEGROS ORIENTAL,City of Guihulngan,PH074611000,761.0,454.0,59.66
7,NEGROS ORIENTAL,Jimalalud,PH074612000,42.0,29.0,69.05
7,NEGROS ORIENTAL,La Libertad,PH074613000,218.0,142.0,65.14
7,NEGROS ORIENTAL,Mabinay,PH074614000,307.0,209.0,68.08
7,NEGROS ORIENTAL,Manjuyod,PH074615000,155.0,68.0,43.87
7,NEGROS ORIENTAL,Pamplona,PH074616000,194.0,90.0,46.39
7,NEGROS ORIENTAL,San Jose,PH074617000,144.0,63.0,43.75
7,NEGROS ORIENTAL,Santa Catalina,PH074618000,416.0,251.0,60.34
7,NEGROS ORIENTAL,Siaton,PH074619000,270.0,160.0,59.26
7,NEGROS ORIENTAL,Sibulan,PH074620000,233.0,40.0,17.17
7,NEGROS ORIENTAL,City of Tanjay,PH074621000,281.0,94.0,33.45
7,NEGROS ORIENTAL,Tayasan,PH074622000,197.0,95.0,48.22
7,NEGROS ORIENTAL,Valencia,PH074623000,105.0,21.0,20.0
7,NEGROS ORIENTAL,Vallehermoso,PH074624000,134.0,69.0,51.49
7,NEGROS ORIENTAL,Zamboanguita,PH074625000,136.0,71.0,52.21
12,NORTH COTABATO,Alamada,PH124701000,260.0,197.0,75.77
12,NORTH COTABATO,Carmen,PH124702000,792.0,536.0,67.68
12,NORTH COTABATO,Kabacan,PH124703000,276.0,110.0,39.86
12,NORTH COTABATO,City of Kidapawan,PH124704000,946.0,150.0,15.86
12,NORTH COTABATO,Libungan,PH124705000,246.0,126.0,51.22
12,NORTH COTABATO,Magpet,PH124706000,439.0,258.0,58.77
12,NORTH COTABATO,Makilala,PH124707000,363.0,185.0,50.96
12,NORTH COTABATO,Matalam,PH124708000,443.0,273.0,61.63
12,NORTH COTABATO,Midsayap,PH124709000,715.0,306.0,42.8
12,NORTH COTABATO,M'Lang,PH124710000,314.0,140.0,44.59
12,NORTH COTABATO,Pigkawayan,PH124711000,328.0,145.0,44.21
12,NORTH COTABATO,Pikit,PH124712000,823.0,477.0,57.96
12,NORTH COTABATO,President Roxas,PH124713000,189.0,121.0,64.02
12,NORTH COTABATO,Tulunan,PH124714000,329.0,190.0,57.75
12,NORTH COTABATO,Antipas,PH124715000,271.0,151.0,55.72
12,NORTH COTABATO,Banisilan,PH124716000,40.0,33.0,82.5
12,NORTH COTABATO,Aleosan,PH124717000,171.0,121.0,70.76
12,NORTH COTABATO,Arakan,PH124718000,199.0,126.0,63.32
8,NORTHERN SAMAR,Allen,PH084801000,288.0,59.0,20.49
8,NORTHERN SAMAR,Biri,PH084802000,60.0,34.0,56.67
8,NORTHERN SAMAR,Bobon,PH084803000,272.0,73.0,26.84
8,NORTHERN SAMAR,Capul,PH084804000,118.0,59.0,50.0
8,NORTHERN SAMAR,Catarman,PH084805000,1447.0,277.0,19.14
8,NORTHERN SAMAR,Catubig,PH084806000,352.0,176.0,50.0
8,NORTHERN SAMAR,Gamay,PH084807000,326.0,168.0,51.53
8,NORTHERN SAMAR,Laoang,PH084808000,729.0,292.0,40.05
8,NORTHERN SAMAR,Lapinig,PH084809000,106.0,46.0,43.4
8,NORTHERN SAMAR,Las Navas,PH084810000,289.0,176.0,60.9
8,NORTHERN SAMAR,Lavezares,PH084811000,142.0,54.0,38.03
8,NORTHERN SAMAR,Mapanas,PH084812000,140.0,79.0,56.43
8,NORTHERN SAMAR,Mondragon,PH084813000,421.0,192.0,45.61
8,NORTHERN SAMAR,Palapag,PH084814000,283.0,105.0,37.1
8,NORTHERN SAMAR,Pambujan,PH084815000,437.0,133.0,30.43
8,NORTHERN SAMAR,Rosario,PH084816000,77.0,35.0,45.45
8,NORTHERN SAMAR,San Antonio,PH084817000,162.0,74.0,45.68
8,NORTHERN SAMAR,San Isidro,PH084818000,203.0,66.0,32.51
8,NORTHERN SAMAR,San Jose,PH084819000,243.0,69.0,28.4
8,NORTHERN SAMAR,San Roque,PH084820000,314.0,107.0,34.08
8,NORTHERN SAMAR,San Vicente,PH084821000,23.0,16.0,69.57
8,NORTHERN SAMAR,Silvino Lobos,PH084822000,30.0,20.0,66.67
8,NORTHERN SAMAR,Victoria,PH084823000,205.0,62.0,30.24
8,NORTHERN SAMAR,Lope De Vega,PH084824000,248.0,124.0,50.0
3,NUEVA ECIJA,Aliaga,PH034901000,218.0,78.0,35.78
3,NUEVA ECIJA,Bongabon,PH034902000,281.0,127.0,45.2
3,NUEVA ECIJA,City of Cabanatuan,PH034903000,792.0,33.0,4.17
3,NUEVA ECIJA,Cabiao,PH034904000,243.0,68.0,27.98
3,NUEVA ECIJA,Carranglan,PH034905000,89.0,48.0,53.93
3,NUEVA ECIJA,Cuyapo,PH034906000,224.0,126.0,56.25
3,NUEVA ECIJA,Gabaldon,PH034907000,193.0,110.0,56.99
3,NUEVA ECIJA,City of Gapan,PH034908000,341.0,92.0,26.98
3,NUEVA ECIJA,General Mamerto Natividad,PH034909000,2.0,1.0,50.0
3,NUEVA ECIJA,General Tinio,PH034910000,184.0,66.0,35.87
3,NUEVA ECIJA,Guimba,PH034911000,458.0,216.0,47.16
3,NUEVA ECIJA,Jaen,PH034912000,250.0,99.0,39.6
3,NUEVA ECIJA,Laur,PH034913000,93.0,49.0,52.69
3,NUEVA ECIJA,Licab,PH034914000,31.0,8.0,25.81
3,NUEVA ECIJA,Llanera,PH034915000,139.0,80.0,57.55
3,NUEVA ECIJA,Lupao,PH034916000,161.0,77.0,47.83
3,NUEVA ECIJA,Science City of Muñoz,PH034917000,238.0,102.0,42.86
3,NUEVA ECIJA,Nampicuan,PH034918000,2.0,0.0,0.0
3,NUEVA ECIJA,City of Palayan,PH034919000,124.0,23.0,18.55
3,NUEVA ECIJA,Pantabangan,PH034920000,141.0,65.0,46.1
3,NUEVA ECIJA,Peñaranda,PH034921000,57.0,9.0,15.79
3,NUEVA ECIJA,Quezon,PH034922000,130.0,83.0,63.85
3,NUEVA ECIJA,Rizal,PH034923000,130.0,82.0,63.08
3,NUEVA ECIJA,San Antonio,PH034924000,138.0,56.0,40.58
3,NUEVA ECIJA,San Isidro,PH034925000,216.0,47.0,21.76
3,NUEVA ECIJA,San Jose City,PH034926000,439.0,138.0,31.44
3,NUEVA ECIJA,San Leonardo,PH034927000,106.0,28.0,26.42
3,NUEVA ECIJA,Santa Rosa,PH034928000,124.0,35.0,28.23
3,NUEVA ECIJA,Santo Domingo,PH034929000,243.0,129.0,53.09
3,NUEVA ECIJA,Talavera,PH034930000,277.0,42.0,15.16
3,NUEVA ECIJA,Talugtug,PH034931000,25.0,18.0,72.0
3,NUEVA ECIJA,Zaragoza,PH034932000,66.0,9.0,13.64
2,NUEVA VIZCAYA,Ambaguio,PH025001000,253.0,186.0,73.52
2,NUEVA VIZCAYA,Aritao,PH025002000,501.0,221.0,44.11
2,NUEVA VIZCAYA,Bagabag,PH025003000,589.0,225.0,38.2
2,NUEVA VIZCAYA,Bambang,PH025004000,668.0,196.0,29.34
2,NUEVA VIZCAYA,Bayombong,PH025005000,825.0,120.0,14.55
2,NUEVA VIZCAYA,Diadi,PH025006000,181.0,114.0,62.98
2,NUEVA VIZCAYA,Dupax del Norte,PH025007000,412.0,239.0,58.01
2,NUEVA VIZCAYA,Dupax del Sur,PH025008000,315.0,227.0,72.06
2,NUEVA VIZCAYA,Kasibu,PH025009000,749.0,585.0,78.1
2,NUEVA VIZCAYA,Kayapa,PH025010000,397.0,300.0,75.57
2,NUEVA VIZCAYA,Quezon,PH025011000,197.0,103.0,52.28
2,NUEVA VIZCAYA,Santa Fe,PH025012000,192.0,127.0,66.15
2,NUEVA VIZCAYA,Solano,PH025013000,842.0,163.0,19.36
2,NUEVA VIZCAYA,Villaverde,PH025014000,102.0,52.0,50.98
2,NUEVA VIZCAYA,Alfonso Castaneda,PH025015000,69.0,53.0,76.81
17,OCCIDENTAL MINDORO,Abra De Ilog,PH175101000,297.0,142.0,47.81
17,OCCIDENTAL MINDORO,Calintaan,PH175102000,261.0,160.0,61.3
3,OCCIDENTAL MINDORO,Looc,PH175103000,1.0,0.0,0.0
17,OCCIDENTAL MINDORO,Lubang,PH175104000,120.0,52.0,43.33
17,OCCIDENTAL MINDORO,Magsaysay,PH175105000,412.0,247.0,59.95
17,OCCIDENTAL MINDORO,Mamburao,PH175106000,616.0,187.0,30.36
17,OCCIDENTAL MINDORO,Paluan,PH175107000,94.0,49.0,52.13
17,OCCIDENTAL MINDORO,Rizal,PH175108000,477.0,281.0,58.91
17,OCCIDENTAL MINDORO,Sablayan,PH175109000,1156.0,559.0,48.36
17,OCCIDENTAL MINDORO,San Jose,PH175110000,1900.0,673.0,35.42
17,OCCIDENTAL MINDORO,Santa Cruz,PH175111000,466.0,235.0,50.43
17,ORIENTAL MINDORO,Baco,PH175201000,298.0,125.0,41.95
17,ORIENTAL MINDORO,Bansud,PH175202000,243.0,106.0,43.62
17,ORIENTAL MINDORO,Bongabong,PH175203000,542.0,306.0,56.46
17,ORIENTAL MINDORO,Bulalacao,PH175204000,232.0,167.0,71.98
17,ORIENTAL MINDORO,City of Calapan,PH175205000,869.0,75.0,8.63
17,ORIENTAL MINDORO,Gloria,PH175206000,407.0,177.0,43.49
17,ORIENTAL MINDORO,Mansalay,PH175207000,340.0,189.0,55.59
17,ORIENTAL MINDORO,Naujan,PH175208000,625.0,282.0,45.12
17,ORIENTAL MINDORO,Pinamalayan,PH175209000,627.0,166.0,26.48
17,ORIENTAL MINDORO,Pola,PH175210000,287.0,144.0,50.17
17,ORIENTAL MINDORO,Puerto Galera,PH175211000,255.0,23.0,9.02
17,ORIENTAL MINDORO,Roxas,PH175212000,436.0,146.0,33.49
17,ORIENTAL MINDORO,San Teodoro,PH175213000,99.0,54.0,54.55
17,ORIENTAL MINDORO,Socorro,PH175214000,304.0,130.0,42.76
17,ORIENTAL MINDORO,Victoria,PH175215000,263.0,76.0,28.9
17,PALAWAN,Aborlan,PH175301000,504.0,229.0,45.44
10,PALAWAN,Agutaya,PH175302000,2.0,0.0,0.0
17,PALAWAN,Araceli,PH175303000,88.0,44.0,50.0
17,PALAWAN,Balabac,PH175304000,177.0,128.0,72.32
17,PALAWAN,Bataraza,PH175305000,683.0,270.0,39.53
17,PALAWAN,Brooke'S Point,PH175306000,515.0,241.0,46.8
17,PALAWAN,Busuanga,PH175307000,33.0,29.0,87.88
17,PALAWAN,Cagayancillo,PH175308000,2.0,0.0,0.0
17,PALAWAN,Coron,PH175309000,308.0,136.0,44.16
17,PALAWAN,Cuyo,PH175310000,142.0,42.0,29.58
17,PALAWAN,Dumaran,PH175311000,243.0,144.0,59.26
17,PALAWAN,El Nido,PH175312000,448.0,157.0,35.04
17,PALAWAN,Linapacan,PH175313000,2.0,1.0,50.0
17,PALAWAN,Magsaysay,PH175314000,85.0,41.0,48.24
17,PALAWAN,Narra,PH175315000,635.0,232.0,36.54
17,PALAWAN,City of Puerto Princesa,PH175316000,5939.0,788.0,13.27
17,PALAWAN,Quezon,PH175317000,380.0,203.0,53.42
17,PALAWAN,Roxas,PH175318000,490.0,197.0,40.2
17,PALAWAN,San Vicente,PH175319000,279.0,109.0,39.07
17,PALAWAN,Taytay,PH175320000,596.0,320.0,53.69
17,PALAWAN,Culion,PH175322000,30.0,2.0,6.67
17,PALAWAN,Rizal,PH175323000,415.0,222.0,53.49
17,PALAWAN,Sofronio Española,PH175324000,229.0,131.0,57.21
3,PAMPANGA,City of Angeles,PH035401000,7113.0,29.0,0.41
3,PAMPANGA,Apalit,PH035402000,308.0,16.0,5.19
3,PAMPANGA,Arayat,PH035403000,334.0,38.0,11.38
3,PAMPANGA,Bacolor,PH035404000,182.0,2.0,1.1
3,PAMPANGA,Candaba,PH035405000,203.0,64.0,31.53
3,PAMPANGA,Floridablanca,PH035406000,331.0,42.0,12.69
3,PAMPANGA,Guagua,PH035407000,380.0,7.0,1.84
3,PAMPANGA,Lubao,PH035408000,301.0,29.0,9.63
3,PAMPANGA,Mabalacat City,PH035409000,1249.0,11.0,0.88
3,PAMPANGA,Macabebe,PH035410000,215.0,38.0,17.67
3,PAMPANGA,Magalang,PH035411000,166.0,28.0,16.87
3,PAMPANGA,Masantol,PH035412000,70.0,14.0,20.0
3,PAMPANGA,Mexico,PH035413000,561.0,23.0,4.1
3,PAMPANGA,Minalin,PH035414000,52.0,14.0,26.92
3,PAMPANGA,Porac,PH035415000,258.0,20.0,7.75
3,PAMPANGA,City of San Fernando,PH035416000,1290.0,10.0,0.78
3,PAMPANGA,San Luis,PH035417000,68.0,20.0,29.41
3,PAMPANGA,San Simon,PH035418000,93.0,3.0,3.23
3,PAMPANGA,Santa Ana,PH035419000,189.0,22.0,11.64
3,PAMPANGA,Santa Rita,PH035420000,76.0,8.0,10.53
3,PAMPANGA,Santo Tomas,PH035421000,38.0,0.0,0.0
3,PAMPANGA,Sasmuan,PH035422000,29.0,2.0,6.9
1,PANGASINAN,Agno,PH015501000,48.0,12.0,25.0
1,PANGASINAN,Aguilar,PH015502000,140.0,58.0,41.43
1,PANGASINAN,City of Alaminos,PH015503000,89.0,6.0,6.74
1,PANGASINAN,Alcala,PH015504000,110.0,43.0,39.09
1,PANGASINAN,Anda,PH015505000,110.0,42.0,38.18
1,PANGASINAN,Asingan,PH015506000,70.0,28.0,40.0
1,PANGASINAN,Balungao,PH015507000,52.0,26.0,50.0
1,PANGASINAN,Bani,PH015508000,79.0,18.0,22.78
1,PANGASINAN,Basista,PH015509000,109.0,22.0,20.18
1,PANGASINAN,Bautista,PH015510000,83.0,32.0,38.55
1,PANGASINAN,Bayambang,PH015511000,162.0,67.0,41.36
1,PANGASINAN,Binalonan,PH015512000,85.0,10.0,11.76
1,PANGASINAN,Binmaley,PH015513000,115.0,10.0,8.7
1,PANGASINAN,Bolinao,PH015514000,122.0,37.0,30.33
1,PANGASINAN,Bugallon,PH015515000,130.0,29.0,22.31
1,PANGASINAN,Burgos,PH015516000,24.0,2.0,8.33
1,PANGASINAN,Calasiao,PH015517000,226.0,12.0,5.31
1,PANGASINAN,City of Dagupan,PH015518000,688.0,43.0,6.25
1,PANGASINAN,Dasol,PH015519000,6.0,0.0,0.0
1,PANGASINAN,Infanta,PH015520000,126.0,47.0,37.3
1,PANGASINAN,Labrador,PH015521000,24.0,1.0,4.17
1,PANGASINAN,Lingayen,PH015522000,166.0,1.0,0.6
1,PANGASINAN,Malasiqui,PH015524000,328.0,56.0,17.07
1,PANGASINAN,Manaoag,PH015525000,86.0,19.0,22.09
1,PANGASINAN,Mangaldan,PH015526000,293.0,22.0,7.51
1,PANGASINAN,Mangatarem,PH015527000,194.0,73.0,37.63
1,PANGASINAN,Mapandan,PH015528000,82.0,17.0,20.73
1,PANGASINAN,Natividad,PH015529000,41.0,16.0,39.02
1,PANGASINAN,Pozorrubio,PH015530000,61.0,16.0,26.23
1,PANGASINAN,Rosales,PH015531000,146.0,28.0,19.18
1,PANGASINAN,City of San Carlos,PH015532000,407.0,51.0,12.53
1,PANGASINAN,San Fabian,PH015533000,155.0,35.0,22.58
1,PANGASINAN,San Jacinto,PH015534000,169.0,28.0,16.57
1,PANGASINAN,San Manuel,PH015535000,24.0,4.0,16.67
1,PANGASINAN,San Nicolas,PH015536000,55.0,25.0,45.45
1,PANGASINAN,San Quintin,PH015537000,90.0,34.0,37.78
1,PANGASINAN,Santa Barbara,PH015538000,219.0,27.0,12.33
1,PANGASINAN,Santa Maria,PH015539000,51.0,30.0,58.82
1,PANGASINAN,Santo Tomas,PH015540000,31.0,7.0,22.58
1,PANGASINAN,Sison,PH015541000,137.0,11.0,8.03
1,PANGASINAN,Sual,PH015542000,8.0,0.0,0.0
1,PANGASINAN,Tayug,PH015543000,122.0,27.0,22.13
1,PANGASINAN,Umingan,PH015544000,48.0,20.0,41.67
1,PANGASINAN,Urbiztondo,PH015545000,139.0,38.0,27.34
1,PANGASINAN,City of Urdaneta,PH015546000,369.0,29.0,7.86
1,PANGASINAN,Villasis,PH015547000,130.0,34.0,26.15
1,PANGASINAN,Laoac,PH015548000,13.0,1.0,7.69
4,QUEZON,Agdangan,PH045601000,33.0,11.0,33.33
4,QUEZON,Alabat,PH045602000,11.0,4.0,36.36
4,QUEZON,Atimonan,PH045603000,169.0,30.0,17.75
4,QUEZON,Buenavista,PH045605000,126.0,72.0,57.14
4,QUEZON,Calauag,PH045607000,125.0,52.0,41.6
4,QUEZON,Candelaria,PH045608000,305.0,44.0,14.43
4,QUEZON,Catanauan,PH045610000,189.0,71.0,37.57
4,QUEZON,Dolores,PH045615000,102.0,25.0,24.51
4,QUEZON,General Luna,PH045616000,79.0,28.0,35.44
4,QUEZON,General Nakar,PH045617000,68.0,30.0,44.12
4,QUEZON,Guinayangan,PH045618000,126.0,83.0,65.87
4,QUEZON,Gumaca,PH045619000,144.0,25.0,17.36
4,QUEZON,Infanta,PH045620000,404.0,113.0,27.97
4,QUEZON,Lopez,PH045622000,330.0,105.0,31.82
4,QUEZON,Lucban,PH045623000,154.0,23.0,14.94
4,QUEZON,City of Lucena,PH045624000,3721.0,182.0,4.89
4,QUEZON,Macalelon,PH045625000,54.0,26.0,48.15
4,QUEZON,Mauban,PH045627000,139.0,44.0,31.65
4,QUEZON,Mulanay,PH045628000,198.0,96.0,48.48
4,QUEZON,Padre Burgos,PH045629000,75.0,27.0,36.0
4,QUEZON,Pagbilao,PH045630000,208.0,32.0,15.38
4,QUEZON,Panukulan,PH045631000,5.0,2.0,40.0
2,QUEZON,Patnanungan,PH045632000,1.0,0.0,0.0
4,QUEZON,Perez,PH045633000,105.0,57.0,54.29
4,QUEZON,Pitogo,PH045634000,31.0,13.0,41.94
4,QUEZON,Plaridel,PH045635000,37.0,16.0,43.24
4,QUEZON,Polillo,PH045636000,117.0,63.0,53.85
4,QUEZON,Quezon,PH045637000,52.0,18.0,34.62
4,QUEZON,Real,PH045638000,119.0,26.0,21.85
4,QUEZON,Sampaloc,PH045639000,64.0,19.0,29.69
4,QUEZON,San Andres,PH045640000,87.0,36.0,41.38
4,QUEZON,San Antonio,PH045641000,123.0,31.0,25.2
4,QUEZON,San Francisco,PH045642000,104.0,58.0,55.77
4,QUEZON,San Narciso,PH045644000,201.0,77.0,38.31
4,QUEZON,Sariaya,PH045645000,403.0,114.0,28.29
4,QUEZON,Tagkawayan,PH045646000,137.0,49.0,35.77
4,QUEZON,City of Tayabas,PH045647000,310.0,40.0,12.9
4,QUEZON,Tiaong,PH045648000,252.0,52.0,20.63
4,QUEZON,Unisan,PH045649000,125.0,37.0,29.6
2,QUIRINO,Aglipay,PH025701000,966.0,556.0,57.56
2,QUIRINO,Cabarroguis,PH025702000,1179.0,417.0,35.37
2,QUIRINO,Diffun,PH025703000,1796.0,851.0,47.38
2,QUIRINO,Maddela,PH025704000,1172.0,508.0,43.34
2,QUIRINO,Saguday,PH025705000,538.0,277.0,51.49
2,QUIRINO,Nagtipunan,PH025706000,821.0,597.0,72.72
4,RIZAL,Angono,PH045801000,134.0,11.0,8.21
4,RIZAL,City of Antipolo,PH045802000,1453.0,13.0,0.89
4,RIZAL,Baras,PH045803000,96.0,7.0,7.29
4,RIZAL,Binangonan,PH045804000,619.0,23.0,3.72
4,RIZAL,Cainta,PH045805000,531.0,2.0,0.38
4,RIZAL,Cardona,PH045806000,110.0,18.0,16.36
4,RIZAL,Jala-Jala,PH045807000,96.0,22.0,22.92
4,RIZAL,Rodriguez,PH045808000,585.0,9.0,1.54
4,RIZAL,Morong,PH045809000,161.0,7.0,4.35
4,RIZAL,Pililla,PH045810000,95.0,4.0,4.21
4,RIZAL,San Mateo,PH045811000,358.0,6.0,1.68
4,RIZAL,Tanay,PH045812000,275.0,49.0,17.82
4,RIZAL,Taytay,PH045813000,899.0,8.0,0.89
4,RIZAL,Teresa,PH045814000,91.0,0.0,0.0
17,ROMBLON,Alcantara,PH175901000,308.0,99.0,32.14
17,ROMBLON,Banton,PH175902000,70.0,31.0,44.29
17,ROMBLON,Cajidiocan,PH175903000,395.0,176.0,44.56
17,ROMBLON,Calatrava,PH175904000,348.0,115.0,33.05
17,ROMBLON,Concepcion,PH175905000,27.0,11.0,40.74
17,ROMBLON,Corcuera,PH175906000,202.0,90.0,44.55
17,ROMBLON,Looc,PH175907000,423.0,169.0,39.95
17,ROMBLON,Magdiwang,PH175908000,360.0,125.0,34.72
17,ROMBLON,Odiongan,PH175909000,905.0,198.0,21.88
17,ROMBLON,Romblon,PH175910000,699.0,140.0,20.03
17,ROMBLON,San Agustin,PH175911000,501.0,167.0,33.33
17,ROMBLON,San Andres,PH175912000,307.0,106.0,34.53
17,ROMBLON,San Fernando,PH175913000,384.0,170.0,44.27
17,ROMBLON,San Jose,PH175914000,297.0,106.0,35.69
17,ROMBLON,Santa Fe,PH175915000,301.0,135.0,44.85
17,ROMBLON,Ferrol,PH175916000,69.0,34.0,49.28
17,ROMBLON,Santa Maria,PH175917000,79.0,31.0,39.24
8,SAMAR,Almagro,PH086001000,72.0,30.0,41.67
8,SAMAR,Basey,PH086002000,560.0,228.0,40.71
8,SAMAR,City of Calbayog,PH086003000,1393.0,480.0,34.46
8,SAMAR,Calbiga,PH086004000,274.0,142.0,51.82
8,SAMAR,City of Catbalogan,PH086005000,1006.0,116.0,11.53
8,SAMAR,Daram,PH086006000,165.0,81.0,49.09
8,SAMAR,Gandara,PH086007000,407.0,150.0,36.86
8,SAMAR,Hinabangan,PH086008000,117.0,65.0,55.56
8,SAMAR,Jiabong,PH086009000,167.0,110.0,65.87
8,SAMAR,Marabut,PH086010000,135.0,44.0,32.59
8,SAMAR,Matuguinao,PH086011000,176.0,116.0,65.91
8,SAMAR,Motiong,PH086012000,130.0,92.0,70.77
8,SAMAR,Pinabacdao,PH086013000,151.0,56.0,37.09
8,SAMAR,San Jose De Buan,PH086014000,55.0,32.0,58.18
8,SAMAR,San Sebastian,PH086015000,66.0,46.0,69.7
8,SAMAR,Santa Margarita,PH086016000,177.0,50.0,28.25
8,SAMAR,Santa Rita,PH086017000,327.0,155.0,47.4
8,SAMAR,Santo Niño,PH086018000,59.0,23.0,38.98
8,SAMAR,Talalora,PH086019000,61.0,38.0,62.3
8,SAMAR,Tarangnan,PH086020000,242.0,130.0,53.72
8,SAMAR,Villareal,PH086021000,298.0,128.0,42.95
8,SAMAR,Paranas,PH086022000,206.0,82.0,39.81
8,SAMAR,Zumarraga,PH086023000,220.0,129.0,58.64
8,SAMAR,Tagapul-An,PH086024000,83.0,44.0,53.01
8,SAMAR,San Jorge,PH086025000,132.0,65.0,49.24
8,SAMAR,Pagsanghan,PH086026000,67.0,27.0,40.3
7,SIQUIJOR,Enrique Villanueva,PH076101000,151.0,64.0,42.38
7,SIQUIJOR,Larena,PH076102000,684.0,167.0,24.42
7,SIQUIJOR,Lazi,PH076103000,851.0,433.0,50.88
7,SIQUIJOR,Maria,PH076104000,333.0,156.0,46.85
7,SIQUIJOR,San Juan,PH076105000,353.0,116.0,32.86
7,SIQUIJOR,Siquijor,PH076106000,902.0,189.0,20.95
5,SORSOGON,Barcelona,PH056202000,133.0,56.0,42.11
5,SORSOGON,Bulan,PH056203000,849.0,254.0,29.92
5,SORSOGON,Bulusan,PH056204000,252.0,75.0,29.76
5,SORSOGON,Casiguran,PH056205000,242.0,81.0,33.47
5,SORSOGON,Castilla,PH056206000,370.0,150.0,40.54
5,SORSOGON,Donsol,PH056207000,192.0,59.0,30.73
5,SORSOGON,Gubat,PH056208000,382.0,116.0,30.37
5,SORSOGON,Irosin,PH056209000,430.0,113.0,26.28
5,SORSOGON,Juban,PH056210000,223.0,86.0,38.57
5,SORSOGON,Magallanes,PH056211000,368.0,156.0,42.39
5,SORSOGON,Matnog,PH056212000,373.0,169.0,45.31
5,SORSOGON,Pilar,PH056213000,577.0,220.0,38.13
5,SORSOGON,Prieto Diaz,PH056214000,237.0,81.0,34.18
5,SORSOGON,Santa Magdalena,PH056215000,121.0,43.0,35.54
5,SORSOGON,City of Sorsogon,PH056216000,1238.0,216.0,17.45
12,SOUTH COTABATO,Banga,PH126302000,590.0,252.0,42.71
12,SOUTH COTABATO,City of General Santos,PH126303000,6394.0,612.0,9.57
12,SOUTH COTABATO,City of Koronadal,PH126306000,1527.0,211.0,13.82
12,SOUTH COTABATO,Norala,PH126311000,317.0,161.0,50.79
12,SOUTH COTABATO,Polomolok,PH126312000,1345.0,364.0,27.06
12,SOUTH COTABATO,Surallah,PH126313000,494.0,179.0,36.23
12,SOUTH COTABATO,Tampakan,PH126314000,303.0,155.0,51.16
12,SOUTH COTABATO,Tantangan,PH126315000,278.0,72.0,25.9
12,SOUTH COTABATO,T'Boli,PH126316000,549.0,325.0,59.2
12,SOUTH COTABATO,Tupi,PH126317000,281.0,123.0,43.77
12,SOUTH COTABATO,Santo Niño,PH126318000,172.0,62.0,36.05
12,SOUTH COTABATO,Lake Sebu,PH126319000,587.0,418.0,71.21
8,SOUTHERN LEYTE,Anahawan,PH086401000,103.0,34.0,33.01
8,SOUTHERN LEYTE,Bontoc,PH086402000,542.0,194.0,35.79
8,SOUTHERN LEYTE,Hinunangan,PH086403000,346.0,143.0,41.33
8,SOUTHERN LEYTE,Hinundayan,PH086404000,149.0,44.0,29.53
8,SOUTHERN LEYTE,Libagon,PH086405000,204.0,78.0,38.24
8,SOUTHERN LEYTE,Liloan,PH086406000,228.0,49.0,21.49
8,SOUTHERN LEYTE,City of Maasin,PH086407000,1169.0,182.0,15.57
8,SOUTHERN LEYTE,Macrohon,PH086408000,329.0,76.0,23.1
8,SOUTHERN LEYTE,Malitbog,PH086409000,169.0,54.0,31.95
8,SOUTHERN LEYTE,Padre Burgos,PH086410000,101.0,27.0,26.73
8,SOUTHERN LEYTE,Pintuyan,PH086411000,162.0,51.0,31.48
8,SOUTHERN LEYTE,Saint Bernard,PH086412000,290.0,81.0,27.93
8,SOUTHERN LEYTE,San Francisco,PH086413000,268.0,97.0,36.19
8,SOUTHERN LEYTE,San Juan,PH086414000,205.0,61.0,29.76
8,SOUTHERN LEYTE,San Ricardo,PH086415000,102.0,36.0,35.29
8,SOUTHERN LEYTE,Silago,PH086416000,228.0,83.0,36.4
8,SOUTHERN LEYTE,Sogod,PH086417000,870.0,179.0,20.57
8,SOUTHERN LEYTE,Tomas Oppus,PH086418000,173.0,50.0,28.9
8,SOUTHERN LEYTE,Limasawa,PH086419000,90.0,23.0,25.56
12,SULTAN KUDARAT,Bagumbayan,PH126501000,503.0,358.0,71.17
12,SULTAN KUDARAT,Columbio,PH126502000,275.0,177.0,64.36
12,SULTAN KUDARAT,Esperanza,PH126503000,486.0,255.0,52.47
12,SULTAN KUDARAT,Isulan,PH126504000,717.0,179.0,24.97
12,SULTAN KUDARAT,Kalamansig,PH126505000,488.0,238.0,48.77
12,SULTAN KUDARAT,Lebak,PH126506000,559.0,309.0,55.28
12,SULTAN KUDARAT,Lutayan,PH126507000,284.0,203.0,71.48
12,SULTAN KUDARAT,Lambayong,PH126508000,419.0,269.0,64.2
12,SULTAN KUDARAT,Palimbang,PH126509000,576.0,352.0,61.11
12,SULTAN KUDARAT,President Quirino,PH126510000,287.0,158.0,55.05
12,SULTAN KUDARAT,City of Tacurong,PH126511000,904.0,155.0,17.15
12,SULTAN KUDARAT,Sen. Ninoy Aquino,PH126512000,411.0,351.0,85.4
15,SULU,Indanan,PH156601000,346.0,228.0,65.9
15,SULU,Jolo,PH156602000,791.0,62.0,7.84
15,SULU,Kalingalan Caluang,PH156603000,121.0,102.0,84.3
15,SULU,Luuk,PH156604000,401.0,317.0,79.05
15,SULU,Maimbung,PH156605000,466.0,310.0,66.52
15,SULU,Hadji Panglima Tahil,PH156606000,9.0,8.0,88.89
15,SULU,Old Panamao,PH156607000,483.0,396.0,81.99
15,SULU,Pangutaran,PH156608000,459.0,347.0,75.6
15,SULU,Parang,PH156609000,449.0,356.0,79.29
15,SULU,Pata,PH156610000,204.0,180.0,88.24
15,SULU,Patikul,PH156611000,524.0,331.0,63.17
15,SULU,Siasi,PH156612000,369.0,291.0,78.86
15,SULU,Talipao,PH156613000,586.0,517.0,88.23
15,SULU,Tapul,PH156614000,389.0,363.0,93.32
15,SULU,Tongkil,PH156615000,100.0,93.0,93.0
15,SULU,Panglima Estino,PH156616000,158.0,120.0,75.95
15,SULU,Lugus,PH156617000,212.0,171.0,80.66
15,SULU,Pandami,PH156618000,151.0,121.0,80.13
15,SULU,Omar,PH156619000,191.0,163.0,85.34
16,SURIGAO DEL NORTE,Alegria,PH166701000,153.0,49.0,32.03
16,SURIGAO DEL NORTE,Bacuag,PH166702000,131.0,53.0,40.46
16,SURIGAO DEL NORTE,Burgos,PH166704000,45.0,14.0,31.11
16,SURIGAO DEL NORTE,Claver,PH166706000,557.0,49.0,8.8
16,SURIGAO DEL NORTE,Dapa,PH166707000,292.0,64.0,21.92
16,SURIGAO DEL NORTE,Del Carmen,PH166708000,75.0,30.0,40.0
16,SURIGAO DEL NORTE,General Luna,PH166710000,85.0,17.0,20.0
16,SURIGAO DEL NORTE,Gigaquit,PH166711000,294.0,109.0,37.07
16,SURIGAO DEL NORTE,Mainit,PH166714000,350.0,107.0,30.57
16,SURIGAO DEL NORTE,Malimono,PH166715000,208.0,59.0,28.37
16,SURIGAO DEL NORTE,Pilar,PH166716000,15.0,5.0,33.33
16,SURIGAO DEL NORTE,Placer,PH166717000,253.0,43.0,17.0
16,SURIGAO DEL NORTE,San Benito,PH166718000,31.0,12.0,38.71
16,SURIGAO DEL NORTE,San Francisco,PH166719000,152.0,40.0,26.32
16,SURIGAO DEL NORTE,San Isidro,PH166720000,34.0,6.0,17.65
16,SURIGAO DEL NORTE,Santa Monica,PH166721000,50.0,9.0,18.0
16,SURIGAO DEL NORTE,Sison,PH166722000,20.0,7.0,35.0
16,SURIGAO DEL NORTE,Socorro,PH166723000,237.0,84.0,35.44
16,SURIGAO DEL NORTE,City of Surigao,PH166724000,1688.0,187.0,11.08
16,SURIGAO DEL NORTE,Tagana-An,PH166725000,78.0,27.0,34.62
16,SURIGAO DEL NORTE,Tubod,PH166727000,226.0,62.0,27.43
16,SURIGAO DEL SUR,Barobo,PH166801000,681.0,177.0,25.99
16,SURIGAO DEL SUR,Bayabas,PH166802000,166.0,73.0,43.98
16,SURIGAO DEL SUR,City of Bislig,PH166803000,1097.0,325.0,29.63
16,SURIGAO DEL SUR,Cagwait,PH166804000,319.0,115.0,36.05
16,SURIGAO DEL SUR,Cantilan,PH166805000,301.0,93.0,30.9
16,SURIGAO DEL SUR,Carmen,PH166806000,91.0,16.0,17.58
16,SURIGAO DEL SUR,Carrascal,PH166807000,305.0,56.0,18.36
16,SURIGAO DEL SUR,Cortes,PH166808000,83.0,37.0,44.58
16,SURIGAO DEL SUR,Hinatuan,PH166809000,553.0,254.0,45.93
16,SURIGAO DEL SUR,Lanuza,PH166810000,56.0,17.0,30.36
16,SURIGAO DEL SUR,Lianga,PH166811000,240.0,105.0,43.75
16,SURIGAO DEL SUR,Lingig,PH166812000,305.0,165.0,54.1
16,SURIGAO DEL SUR,Madrid,PH166813000,147.0,26.0,17.69
16,SURIGAO DEL SUR,Marihatag,PH166814000,269.0,116.0,43.12
16,SURIGAO DEL SUR,San Agustin,PH166815000,395.0,156.0,39.49
16,SURIGAO DEL SUR,San Miguel,PH166816000,353.0,202.0,57.22
16,SURIGAO DEL SUR,Tagbina,PH166817000,311.0,157.0,50.48
16,SURIGAO DEL SUR,Tago,PH166818000,298.0,172.0,57.72
16,SURIGAO DEL SUR,City of Tandag,PH166819000,749.0,83.0,11.08
3,TARLAC,Anao,PH036901000,79.0,36.0,45.57
3,TARLAC,Bamban,PH036902000,314.0,41.0,13.06
3,TARLAC,Camiling,PH036903000,313.0,72.0,23.0
3,TARLAC,Capas,PH036904000,607.0,58.0,9.56
3,TARLAC,Concepcion,PH036905000,545.0,119.0,21.83
3,TARLAC,Gerona,PH036906000,432.0,123.0,28.47
3,TARLAC,La Paz,PH036907000,191.0,55.0,28.8
3,TARLAC,Mayantoc,PH036908000,70.0,16.0,22.86
3,TARLAC,Moncada,PH036909000,155.0,43.0,27.74
3,TARLAC,Paniqui,PH036910000,427.0,61.0,14.29
3,TARLAC,Pura,PH036911000,107.0,43.0,40.19
3,TARLAC,Ramos,PH036912000,28.0,8.0,28.57
3,TARLAC,San Clemente,PH036913000,57.0,21.0,36.84
3,TARLAC,San Manuel,PH036914000,101.0,43.0,42.57
3,TARLAC,Santa Ignacia,PH036915000,188.0,48.0,25.53
3,TARLAC,City of Tarlac,PH036916000,1583.0,95.0,6.0
3,TARLAC,Victoria,PH036917000,225.0,86.0,38.22
3,TARLAC,San Jose,PH036918000,157.0,57.0,36.31
15,TAWI-TAWI,Panglima Sugala,PH157001000,501.0,407.0,81.24
15,TAWI-TAWI,Bongao,PH157002000,1265.0,258.0,20.4
16,TAWI-TAWI,Mapun,PH157003000,2.0,1.0,50.0
15,TAWI-TAWI,Simunul,PH157004000,432.0,302.0,69.91
15,TAWI-TAWI,Sitangkai,PH157005000,479.0,436.0,91.02
15,TAWI-TAWI,South Ubian,PH157006000,416.0,310.0,74.52
15,TAWI-TAWI,Tandubas,PH157007000,676.0,536.0,79.29
13,TAWI-TAWI,Turtle Islands,PH157008000,1.0,1.0,100.0
15,TAWI-TAWI,Languyan,PH157009000,691.0,555.0,80.32
15,TAWI-TAWI,Sapa-Sapa,PH157010000,594.0,513.0,86.36
15,TAWI-TAWI,Sibutu,PH157011000,548.0,383.0,69.89
3,ZAMBALES,Botolan,PH037101000,450.0,72.0,16.0
3,ZAMBALES,Cabangan,PH037102000,144.0,15.0,10.42
3,ZAMBALES,Candelaria,PH037103000,238.0,50.0,21.01
3,ZAMBALES,Castillejos,PH037104000,402.0,43.0,10.7
3,ZAMBALES,Iba,PH037105000,647.0,71.0,10.97
3,ZAMBALES,Masinloc,PH037106000,424.0,115.0,27.12
3,ZAMBALES,City of Olongapo,PH037107000,5980.0,34.0,0.57
3,ZAMBALES,Palauig,PH037108000,279.0,83.0,29.75
3,ZAMBALES,San Antonio,PH037109000,290.0,35.0,12.07
3,ZAMBALES,San Felipe,PH037110000,221.0,36.0,16.29
3,ZAMBALES,San Marcelino,PH037111000,452.0,70.0,15.49
3,ZAMBALES,San Narciso,PH037112000,327.0,91.0,27.83
3,ZAMBALES,Santa Cruz,PH037113000,571.0,167.0,29.25
3,ZAMBALES,Subic,PH037114000,930.0,98.0,10.54
9,ZAMBOANGA DEL NORTE,City of Dapitan,PH097201000,578.0,141.0,24.39
9,ZAMBOANGA DEL NORTE,City of Dipolog,PH097202000,853.0,99.0,11.61
9,ZAMBOANGA DEL NORTE,Katipunan,PH097203000,327.0,209.0,63.91
9,ZAMBOANGA DEL NORTE,La Libertad,PH097204000,2.0,0.0,0.0
9,ZAMBOANGA DEL NORTE,Labason,PH097205000,412.0,231.0,56.07
9,ZAMBOANGA DEL NORTE,Liloy,PH097206000,304.0,152.0,50.0
9,ZAMBOANGA DEL NORTE,Manukan,PH097207000,404.0,224.0,55.45
9,ZAMBOANGA DEL NORTE,Mutia,PH097208000,209.0,139.0,66.51
9,ZAMBOANGA DEL NORTE,Piñan,PH097209000,118.0,72.0,61.02
9,ZAMBOANGA DEL NORTE,Polanco,PH097210000,313.0,117.0,37.38
9,ZAMBOANGA DEL NORTE,Pres. Manuel A. Roxas,PH097211000,323.0,216.0,66.87
9,ZAMBOANGA DEL NORTE,Rizal,PH097212000,92.0,47.0,51.09
9,ZAMBOANGA DEL NORTE,Salug,PH097213000,215.0,147.0,68.37
9,ZAMBOANGA DEL NORTE,Sergio Osmeña Sr.,PH097214000,167.0,132.0,79.04
9,ZAMBOANGA DEL NORTE,Siayan,PH097215000,332.0,271.0,81.63
9,ZAMBOANGA DEL NORTE,Sibuco,PH097216000,109.0,74.0,67.89
9,ZAMBOANGA DEL NORTE,Sibutad,PH097217000,76.0,37.0,48.68
9,ZAMBOANGA DEL NORTE,Sindangan,PH097218000,638.0,278.0,43.57
9,ZAMBOANGA DEL NORTE,Siocon,PH097219000,253.0,169.0,66.8
9,ZAMBOANGA DEL NORTE,Sirawai,PH097220000,207.0,127.0,61.35
9,ZAMBOANGA DEL NORTE,Tampilisan,PH097221000,233.0,119.0,51.07
9,ZAMBOANGA DEL NORTE,Jose Dalman,PH097222000,237.0,199.0,83.97
9,ZAMBOANGA DEL NORTE,Gutalac,PH097223000,260.0,159.0,61.15
9,ZAMBOANGA DEL NORTE,Baliguian,PH097224000,252.0,192.0,76.19
9,ZAMBOANGA DEL NORTE,Godod,PH097225000,184.0,141.0,76.63
9,ZAMBOANGA DEL NORTE,Leon T. Postigo,PH097226000,7.0,1.0,14.29
9,ZAMBOANGA DEL NORTE,Kalawit,PH097227000,89.0,71.0,79.78
9,ZAMBOANGA DEL SUR,Aurora,PH097302000,339.0,136.0,40.12
9,ZAMBOANGA DEL SUR,Bayog,PH097303000,285.0,110.0,38.6
9,ZAMBOANGA DEL SUR,Dimataling,PH097305000,158.0,102.0,64.56
9,ZAMBOANGA DEL SUR,Dinas,PH097306000,228.0,119.0,52.19
9,ZAMBOANGA DEL SUR,Dumalinao,PH097307000,180.0,94.0,52.22
9,ZAMBOANGA DEL SUR,Dumingag,PH097308000,325.0,209.0,64.31
9,ZAMBOANGA DEL SUR,Kumalarang,PH097311000,16.0,9.0,56.25
9,ZAMBOANGA DEL SUR,Labangan,PH097312000,282.0,107.0,37.94
9,ZAMBOANGA DEL SUR,Lapuyan,PH097313000,210.0,122.0,58.1
9,ZAMBOANGA DEL SUR,Mahayag,PH097315000,188.0,81.0,43.09
9,ZAMBOANGA DEL SUR,Margosatubig,PH097317000,138.0,62.0,44.93
9,ZAMBOANGA DEL SUR,Midsalip,PH097318000,118.0,73.0,61.86
9,ZAMBOANGA DEL SUR,Molave,PH097319000,378.0,104.0,27.51
9,ZAMBOANGA DEL SUR,City of Pagadian,PH097322000,1052.0,239.0,22.72
9,ZAMBOANGA DEL SUR,Ramon Magsaysay,PH097323000,165.0,78.0,47.27
9,ZAMBOANGA DEL SUR,San Miguel,PH097324000,138.0,77.0,55.8
9,ZAMBOANGA DEL SUR,San Pablo,PH097325000,34.0,25.0,73.53
9,ZAMBOANGA DEL SUR,Tabina,PH097327000,112.0,53.0,47.32
9,ZAMBOANGA DEL SUR,Tambulig,PH097328000,284.0,192.0,67.61
9,ZAMBOANGA DEL SUR,Tukuran,PH097330000,154.0,74.0,48.05
9,ZAMBOANGA DEL SUR,City of Zamboanga,PH097332000,6557.0,957.0,14.6
9,ZAMBOANGA DEL SUR,Lakewood,PH097333000,202.0,122.0,60.4
9,ZAMBOANGA DEL SUR,Josefina,PH097337000,43.0,20.0,46.51
9,ZAMBOANGA DEL SUR,Pitogo,PH097338000,230.0,136.0,59.13
9,ZAMBOANGA DEL SUR,Sominot,PH097340000,111.0,85.0,76.58
9,ZAMBOANGA DEL SUR,Vincenzo A. Sagun,PH097341000,128.0,81.0,63.28
9,ZAMBOANGA DEL SUR,Guipos,PH097343000,144.0,96.0,66.67
9,ZAMBOANGA DEL SUR,Tigbao,PH097344000,95.0,60.0,63.16
13,"NCR, Second District",City of Mandaluyong,PH137401000,4545.0,4.0,0.09
13,"NCR, Second District",City of Marikina,PH137402000,4054.0,7.0,0.17
13,"NCR, Second District",City of Pasig,PH137403000,7173.0,5.0,0.07
13,"NCR, Second District",Quezon City,PH137404000,11506.0,11.0,0.1
13,"NCR, Second District",City of San Juan,PH137405000,1520.0,1.0,0.07
13,"NCR, Third District",City of Caloocan,PH137501000,4732.0,7.0,0.15
13,"NCR, Third District",City of Malabon,PH137502000,4474.0,64.0,1.43
13,"NCR, Third District",City of Navotas,PH137503000,4747.0,442.0,9.31
13,"NCR, Third District",City of Valenzuela,PH137504000,5204.0,11.0,0.21
13,"NCR, Fourth District",City of Las Piñas,PH137601000,4115.0,8.0,0.19
13,"NCR, Fourth District",City of Makati,PH137602000,9637.0,8.0,0.08
13,"NCR, Fourth District",City of Muntinlupa,PH137603000,5609.0,27.0,0.48
13,"NCR, Fourth District",City of Parañaque,PH137604000,5710.0,12.0,0.21
13,"NCR, Fourth District",Pasay City,PH137605000,6067.0,6.0,0.1
13,"NCR, Fourth District",Pateros,PH137606000,1213.0,1.0,0.08
13,"NCR, Fourth District",City of Taguig,PH137607000,7500.0,4.0,0.05
3,AURORA,Baler,PH037701000,1214.0,141.0,11.61
3,AURORA,Casiguran,PH037702000,788.0,324.0,41.12
3,AURORA,Dilasag,PH037703000,529.0,291.0,55.01
3,AURORA,Dinalungan,PH037704000,130.0,58.0,44.62
3,AURORA,Dingalan,PH037705000,634.0,229.0,36.12
3,AURORA,Dipaculao,PH037706000,965.0,354.0,36.68
3,AURORA,Maria Aurora,PH037707000,1163.0,321.0,27.6
3,AURORA,San Luis,PH037708000,862.0,316.0,36.66
8,BILIRAN,Almeria,PH087801000,615.0,196.0,31.87
8,BILIRAN,Biliran,PH087802000,546.0,212.0,38.83
8,BILIRAN,Cabucgayan,PH087803000,730.0,290.0,39.73
8,BILIRAN,Caibiran,PH087804000,809.0,367.0,45.36
8,BILIRAN,Culaba,PH087805000,459.0,185.0,40.31
8,BILIRAN,Kawayan,PH087806000,748.0,307.0,41.04
8,BILIRAN,Maripipi,PH087807000,272.0,97.0,35.66
8,BILIRAN,Naval,PH087808000,2140.0,444.0,20.75
6,GUIMARAS,Buenavista,PH067901000,592.0,90.0,15.2
6,GUIMARAS,Jordan,PH067902000,767.0,145.0,18.9
6,GUIMARAS,Nueva Valencia,PH067903000,540.0,175.0,32.41
6,GUIMARAS,San Lorenzo,PH067904000,415.0,183.0,44.1
6,GUIMARAS,Sibunag,PH067905000,289.0,122.0,42.21
12,SARANGANI,Alabel,PH128001000,661.0,262.0,39.64
12,SARANGANI,Glan,PH128002000,1587.0,838.0,52.8
12,SARANGANI,Kiamba,PH128003000,693.0,338.0,48.77
12,SARANGANI,Maasim,PH128004000,656.0,344.0,52.44
12,SARANGANI,Maitum,PH128005000,480.0,232.0,48.33
12,SARANGANI,Malapatan,PH128006000,861.0,538.0,62.49
12,SARANGANI,Malungon,PH128007000,1336.0,887.0,66.39
14,APAYAO,Calanasan,PH148101000,72.0,39.0,54.17
14,APAYAO,Conner,PH148102000,585.0,393.0,67.18
14,APAYAO,Flora,PH148103000,531.0,319.0,60.08
14,APAYAO,Kabugao,PH148104000,624.0,392.0,62.82
14,APAYAO,Luna,PH148105000,619.0,256.0,41.36
14,APAYAO,Pudtol,PH148106000,528.0,317.0,60.04
14,APAYAO,Santa Marcela,PH148107000,277.0,162.0,58.48
11,DAVAO DE ORO,Compostela,PH118201000,577.0,265.0,45.93
11,DAVAO DE ORO,Laak,PH118202000,592.0,391.0,66.05
11,DAVAO DE ORO,Mabini,PH118203000,248.0,85.0,34.27
11,DAVAO DE ORO,Maco,PH118204000,456.0,142.0,31.14
11,DAVAO DE ORO,Maragusan,PH118205000,453.0,264.0,58.28
11,DAVAO DE ORO,Mawab,PH118206000,212.0,89.0,41.98
11,DAVAO DE ORO,Monkayo,PH118207000,712.0,327.0,45.93
11,DAVAO DE ORO,Montevista,PH118208000,407.0,175.0,43.0
11,DAVAO DE ORO,Nabunturan,PH118209000,624.0,222.0,35.58
11,DAVAO DE ORO,New Bataan,PH118210000,483.0,322.0,66.67
11,DAVAO DE ORO,Pantukan,PH118211000,654.0,224.0,34.25
9,ZAMBOANGA SIBUGAY,Alicia,PH098301000,490.0,311.0,63.47
9,ZAMBOANGA SIBUGAY,Buug,PH098302000,546.0,215.0,39.38
9,ZAMBOANGA SIBUGAY,Diplahan,PH098303000,316.0,129.0,40.82
9,ZAMBOANGA SIBUGAY,Imelda,PH098304000,216.0,40.0,18.52
9,ZAMBOANGA SIBUGAY,Ipil,PH098305000,787.0,166.0,21.09
9,ZAMBOANGA SIBUGAY,Kabasalan,PH098306000,502.0,158.0,31.47
9,ZAMBOANGA SIBUGAY,Mabuhay,PH098307000,470.0,318.0,67.66
9,ZAMBOANGA SIBUGAY,Malangas,PH098308000,193.0,72.0,37.31
9,ZAMBOANGA SIBUGAY,Naga,PH098309000,587.0,276.0,47.02
9,ZAMBOANGA SIBUGAY,Olutanga,PH098310000,209.0,112.0,53.59
9,ZAMBOANGA SIBUGAY,Payao,PH098311000,538.0,301.0,55.95
9,ZAMBOANGA SIBUGAY,Roseller Lim,PH098312000,359.0,191.0,53.2
9,ZAMBOANGA SIBUGAY,Siay,PH098313000,317.0,135.0,42.59
9,ZAMBOANGA SIBUGAY,Talusan,PH098314000,212.0,120.0,56.6
9,ZAMBOANGA SIBUGAY,Titay,PH098315000,446.0,282.0,63.23
9,ZAMBOANGA SIBUGAY,Tungawan,PH098316000,525.0,264.0,50.29
16,DINAGAT ISLANDS,Basilisa,PH168501000,711.0,386.0,54.29
16,DINAGAT ISLANDS,Cagdianao,PH168502000,267.0,134.0,50.19
16,DINAGAT ISLANDS,Dinagat,PH168503000,386.0,136.0,35.23
16,DINAGAT ISLANDS,Libjo,PH168504000,273.0,112.0,41.03
16,DINAGAT ISLANDS,Loreto,PH168505000,224.0,72.0,32.14
16,DINAGAT ISLANDS,San Jose,PH168506000,668.0,97.0,14.52
16,DINAGAT ISLANDS,Tubajon,PH168507000,190.0,78.0,41.05
11,DAVAO OCCIDENTAL,Don Marcelino,PH118601000,555.0,342.0,61.62
11,DAVAO OCCIDENTAL,Jose Abad Santos,PH118602000,1278.0,839.0,65.65
11,DAVAO OCCIDENTAL,Malita,PH118603000,2296.0,1248.0,54.36
11,DAVAO OCCIDENTAL,Santa Maria,PH118604000,1026.0,498.0,48.54
11,DAVAO OCCIDENTAL,Sarangani,PH118605000,438.0,251.0,57.31
9,CITY OF ISABELA,City of Isabela,PH099701000,2236.0,470.0,21.02
12,COTABATO CITY,City of Cotabato,PH129804000,4091.0,243.0,5.94
13,City of Manila,City of Manila,PH133900000,8087.0,21.0,0.26
